#
# There is insufficient memory for the Java Runtime Environment to continue.
# Native memory allocation (mmap) failed to map 65536 bytes. Error detail: Failed to commit metaspace.
# Possible reasons:
#   The system is out of physical RAM or swap space
#   This process is running with CompressedOops enabled, and the Java Heap may be blocking the growth of the native heap
# Possible solutions:
#   Reduce memory load on the system
#   Increase physical memory or swap space
#   Check if swap backing store is full
#   Decrease Java heap size (-Xmx/-Xms)
#   Decrease number of Java threads
#   Decrease Java thread stack sizes (-Xss)
#   Set larger code cache with -XX:ReservedCodeCacheSize=
#   JVM is running with Unscaled Compressed Oops mode in which the Java heap is
#     placed in the first 4GB address space. The Java Heap base address is the
#     maximum limit for the native heap growth. Please use -XX:HeapBaseMinAddress
#     to set the Java Heap base and to place the Java Heap above 4GB virtual address.
# This output file may be truncated or incomplete.
#
#  Out of Memory Error (virtualSpaceNode.cpp:113), pid=11380, tid=18708
#
# JRE version: OpenJDK Runtime Environment Temurin-21.0.11+10 (21.0.11+10) (build 21.0.11+10-LTS)
# Java VM: OpenJDK 64-Bit Server VM Temurin-21.0.11+10 (21.0.11+10-LTS, mixed mode, sharing, tiered, compressed oops, compressed class ptrs, parallel gc, windows-amd64)
# No core dump will be written. Minidumps are not enabled by default on client versions of Windows
#

---------------  S U M M A R Y ------------

Command Line: --add-modules=ALL-SYSTEM --add-opens=java.base/java.util=ALL-UNNAMED --add-opens=java.base/java.lang=ALL-UNNAMED --add-opens=java.base/sun.nio.fs=ALL-UNNAMED -Declipse.application=org.eclipse.jdt.ls.core.id1 -Dosgi.bundles.defaultStartLevel=4 -Declipse.product=org.eclipse.jdt.ls.core.product -Djava.import.generatesMetadataFilesAtProjectRoot=false -DDetectVMInstallationsJob.disabled=true -Dfile.encoding=utf8 -XX:+UseParallelGC -XX:GCTimeRatio=4 -XX:AdaptiveSizePolicyWeight=90 -Dsun.zip.disableMemoryMapping=true -Xmx2G -Xms100m -Xlog:disable -javaagent:c:\Users\nadège.djossou\.vscode\extensions\redhat.java-1.55.0-win32-x64\lombok\lombok-1.18.39-4050.jar -XX:+HeapDumpOnOutOfMemoryError -XX:HeapDumpPath=c:\Users\nadège.djossou\AppData\Roaming\Code\User\workspaceStorage\acaa8e5009868f3f1b5fba6b10f190c8\redhat.java -Daether.dependencyCollector.impl=bf c:\Users\nadège.djossou\.vscode\extensions\redhat.java-1.55.0-win32-x64\server\plugins\org.eclipse.equinox.launcher_1.7.200.v20260619-2039.jar -configuration c:\Users\nadège.djossou\AppData\Roaming\Code\User\globalStorage\redhat.java\1.55.0\config_win -data c:\Users\nadège.djossou\AppData\Roaming\Code\User\workspaceStorage\acaa8e5009868f3f1b5fba6b10f190c8\redhat.java\jdt_ws --pipe=\\.\pipe\lsp-ba642a0bc7b9d8feb0edcfa15e55b620-sock

Host: Intel(R) Celeron(R) CPU J3455 @ 1.50GHz, 4 cores, 7G,  Windows 11 , 64 bit Build 26100 (10.0.26100.7920)
Time: Mon Jul  6 15:18:15 2026 elapsed time: 17318.375355 seconds (0d 4h 48m 38s)

---------------  T H R E A D  ---------------

Current thread (0x00000143e1640ce0):  JavaThread "ForkJoinPool.commonPool-worker-6" daemon [_thread_in_vm, id=18708, stack(0x0000003632700000,0x0000003632800000) (1024K)]

Stack: [0x0000003632700000,0x0000003632800000]
Native frames: (J=compiled Java code, j=interpreted, Vv=VM code, C=native code)
V  [jvm.dll+0x6d7e19]
V  [jvm.dll+0x8b5096]
V  [jvm.dll+0x8b764e]
V  [jvm.dll+0x8b7d33]
V  [jvm.dll+0x284596]
V  [jvm.dll+0x8b0dde]
V  [jvm.dll+0x6795e4]
V  [jvm.dll+0x1e849b]
V  [jvm.dll+0x1e825e]
V  [jvm.dll+0x67bee2]
V  [jvm.dll+0x67bd12]
V  [jvm.dll+0x679fbe]
V  [jvm.dll+0x219b60]
V  [jvm.dll+0x21a5d8]
V  [jvm.dll+0x20f80e]
V  [jvm.dll+0x5b658f]
V  [jvm.dll+0x82f046]
V  [jvm.dll+0x478ec8]
V  [jvm.dll+0x47ecf8]
C  [java.dll+0x17ec]

Java frames: (J=compiled Java code, j=interpreted, Vv=VM code)
J 1155  java.lang.ClassLoader.defineClass1(Ljava/lang/ClassLoader;Ljava/lang/String;[BIILjava/security/ProtectionDomain;Ljava/lang/String;)Ljava/lang/Class; java.base@21.0.11 (0 bytes) @ 0x000001438ac82991 [0x000001438ac828c0+0x00000000000000d1]
J 12002 c2 java.lang.ClassLoader.defineClass(Ljava/lang/String;[BIILjava/security/ProtectionDomain;)Ljava/lang/Class; java.base@21.0.11 (43 bytes) @ 0x000001438b3afcd0 [0x000001438b3af7c0+0x0000000000000510]
J 2909 c1 org.eclipse.osgi.internal.loader.ModuleClassLoader.defineClass(Ljava/lang/String;[BLorg/eclipse/osgi/internal/loader/classpath/ClasspathEntry;)Lorg/eclipse/osgi/internal/loader/ModuleClassLoader$DefineClassResult; (67 bytes) @ 0x00000143836f06bc [0x00000143836f03a0+0x000000000000031c]
J 9669 c1 org.eclipse.osgi.internal.loader.classpath.ClasspathManager.defineClass(Ljava/lang/String;[BLorg/eclipse/osgi/internal/loader/classpath/ClasspathEntry;Lorg/eclipse/osgi/storage/bundlefile/BundleEntry;Ljava/util/List;)Ljava/lang/Class; (636 bytes) @ 0x00000143844a78e4 [0x00000143844a5e40+0x0000000000001aa4]
J 5683 c2 org.eclipse.osgi.internal.loader.classpath.ClasspathManager.findClassImpl(Ljava/lang/String;Lorg/eclipse/osgi/internal/loader/classpath/ClasspathEntry;Ljava/util/List;)Ljava/lang/Class; (328 bytes) @ 0x000001438aeeda68 [0x000001438aeeb840+0x0000000000002228]
J 5062 c2 org.eclipse.osgi.internal.loader.classpath.ClasspathManager.findLocalClass(Ljava/lang/String;)Ljava/lang/Class; (210 bytes) @ 0x000001438aeb27e4 [0x000001438aeb1640+0x00000000000011a4]
J 7886 c2 org.eclipse.osgi.internal.loader.BundleLoader.findLocalClass(Ljava/lang/String;)Ljava/lang/Class; (159 bytes) @ 0x000001438b021a08 [0x000001438b021960+0x00000000000000a8]
J 6387 c1 org.eclipse.osgi.internal.loader.BundleLoader.findClass0(Ljava/lang/String;ZZ)Ljava/lang/Class; (490 bytes) @ 0x0000014383da5294 [0x0000014383da2220+0x0000000000003074]
J 5682 c2 org.eclipse.osgi.internal.loader.ModuleClassLoader.loadClass(Ljava/lang/String;Z)Ljava/lang/Class; (36 bytes) @ 0x000001438ace45a8 [0x000001438ace44c0+0x00000000000000e8]
J 4083 c2 java.lang.ClassLoader.loadClass(Ljava/lang/String;)Ljava/lang/Class; java.base@21.0.11 (7 bytes) @ 0x000001438adc586c [0x000001438adc5820+0x000000000000004c]
v  ~StubRoutines::call_stub 0x000001438a671015
j  org.eclipse.core.internal.registry.ExtensionRegistry.remove(Ljava/lang/String;)V+8
j  org.eclipse.core.internal.registry.ExtensionRegistry.remove(Ljava/lang/String;J)V+2
j  org.eclipse.core.internal.registry.osgi.EclipseBundleListener.removeBundle(Lorg/osgi/framework/Bundle;)V+49
j  org.eclipse.core.internal.registry.osgi.EclipseBundleListener.bundleChanged(Lorg/osgi/framework/BundleEvent;)V+98
J 9636 c1 org.eclipse.osgi.internal.framework.BundleContextImpl.dispatchEvent(Ljava/lang/Object;Ljava/lang/Object;ILjava/lang/Object;)V (577 bytes) @ 0x000001438448920c [0x0000014384487d80+0x000000000000148c]
J 2548 c1 org.eclipse.osgi.framework.eventmgr.EventManager.dispatchEvent(Ljava/util/Set;Lorg/eclipse/osgi/framework/eventmgr/EventDispatcher;ILjava/lang/Object;)V (69 bytes) @ 0x0000014383610ed4 [0x00000143836109c0+0x0000000000000514]
J 5529 c1 org.eclipse.osgi.framework.eventmgr.ListenerQueue.dispatchEventSynchronous(ILjava/lang/Object;)V (81 bytes) @ 0x0000014383307cac [0x00000143833074e0+0x00000000000007cc]
J 12225 c1 org.eclipse.osgi.internal.framework.EquinoxEventPublisher.publishBundleEventPrivileged(Lorg/osgi/framework/BundleEvent;)V (651 bytes) @ 0x0000014384b1c9d4 [0x0000014384b18680+0x0000000000004354]
j  org.eclipse.osgi.internal.framework.EquinoxEventPublisher.publishBundleEvent(Lorg/osgi/framework/BundleEvent;)V+8
j  org.eclipse.osgi.internal.framework.EquinoxEventPublisher.publishBundleEvent(ILorg/osgi/framework/Bundle;Lorg/osgi/framework/Bundle;)V+15
j  org.eclipse.osgi.internal.framework.EquinoxContainerAdaptor.publishModuleEvent(Lorg/eclipse/osgi/container/ModuleContainerAdaptor$ModuleEvent;Lorg/eclipse/osgi/container/Module;Lorg/eclipse/osgi/container/Module;)V+29
j  org.eclipse.osgi.container.ModuleContainer.uninstall(Lorg/eclipse/osgi/container/Module;)V+117
j  org.eclipse.osgi.internal.framework.EquinoxBundle.uninstall()V+22
j  org.eclipse.jdt.ls.core.internal.handlers.BundleUtils.uninstallBundle(Ljava/util/Set;Ljava/util/Set;Lorg/osgi/framework/Bundle;)V+8
j  org.eclipse.jdt.ls.core.internal.handlers.BundleUtils.loadBundles(Ljava/util/Collection;)V+278
j  org.eclipse.jdt.ls.core.internal.JDTDelegateCommandHandler.executeCommand(Ljava/lang/String;Ljava/util/List;Lorg/eclipse/core/runtime/IProgressMonitor;)Ljava/lang/Object;+1674
j  org.eclipse.jdt.ls.core.internal.handlers.WorkspaceExecuteCommandHandler$1.run()V+78
J 12226 c1 org.eclipse.core.runtime.SafeRunner.run(Lorg/eclipse/core/runtime/ISafeRunnable;)V (20 bytes) @ 0x0000014384b2093c [0x0000014384b207a0+0x000000000000019c]
j  org.eclipse.jdt.ls.core.internal.handlers.WorkspaceExecuteCommandHandler.executeCommand(Lorg/eclipse/lsp4j/ExecuteCommandParams;Lorg/eclipse/core/runtime/IProgressMonitor;)Ljava/lang/Object;+279
j  org.eclipse.jdt.ls.core.internal.handlers.JDTLanguageServer.lambda$4(Lorg/eclipse/lsp4j/ExecuteCommandParams;Lorg/eclipse/core/runtime/IProgressMonitor;)Ljava/lang/Object;+6
j  org.eclipse.jdt.ls.core.internal.handlers.JDTLanguageServer$$Lambda+0x0000014398714358.apply(Ljava/lang/Object;)Ljava/lang/Object;+12
j  org.eclipse.jdt.ls.core.internal.BaseJDTLanguageServer.lambda$0(Ljava/util/function/Function;Lorg/eclipse/lsp4j/jsonrpc/CancelChecker;)Ljava/lang/Object;+6
j  org.eclipse.jdt.ls.core.internal.BaseJDTLanguageServer$$Lambda+0x00000143987145a0.apply(Ljava/lang/Object;)Ljava/lang/Object;+12
j  java.util.concurrent.CompletableFuture$UniApply.tryFire(I)Ljava/util/concurrent/CompletableFuture;+106 java.base@21.0.11
j  java.util.concurrent.CompletableFuture$Completion.exec()Z+2 java.base@21.0.11
j  java.util.concurrent.ForkJoinTask.doExec()I+10 java.base@21.0.11
j  java.util.concurrent.ForkJoinPool$WorkQueue.topLevelExec(Ljava/util/concurrent/ForkJoinTask;Ljava/util/concurrent/ForkJoinPool$WorkQueue;)V+19 java.base@21.0.11
j  java.util.concurrent.ForkJoinPool.scan(Ljava/util/concurrent/ForkJoinPool$WorkQueue;II)I+211 java.base@21.0.11
j  java.util.concurrent.ForkJoinPool.runWorker(Ljava/util/concurrent/ForkJoinPool$WorkQueue;)V+35 java.base@21.0.11
j  java.util.concurrent.ForkJoinWorkerThread.run()V+31 java.base@21.0.11
v  ~StubRoutines::call_stub 0x000001438a671015

Compiled method (n/a) 17318721 1155     n 0       java.lang.ClassLoader::defineClass1 (native)
 total in heap  [0x000001438ac82710,0x000001438ac82b88] = 1144
 relocation     [0x000001438ac82870,0x000001438ac828a8] = 56
 main code      [0x000001438ac828c0,0x000001438ac82b87] = 711
 stub code      [0x000001438ac82b87,0x000001438ac82b88] = 1

[Constant Pool (empty)]

[MachCode]
[Entry Point]
  # {method} {0x0000014397434a48} 'defineClass1' '(Ljava/lang/ClassLoader;Ljava/lang/String;[BIILjava/security/ProtectionDomain;Ljava/lang/String;)Ljava/lang/Class;' in 'java/lang/ClassLoader'
  # parm0:    rdx:rdx   = 'java/lang/ClassLoader'
  # parm1:    r8:r8     = 'java/lang/String'
  # parm2:    r9:r9     = '[B'
  # parm3:    rdi       = int
  # parm4:    rsi       = int
  # parm5:    rcx:rcx   = 'java/security/ProtectionDomain'
  # parm6:    [sp+0xa0]   = 'java/lang/String'  (sp of caller)
  0x000001438ac828c0: 448b 5208 | 49bb 0000 | 0097 4301 | 0000 4d03 | d349 3bc2 | 0f84 0600 

  0x000001438ac828d8: ;   {runtime_call ic_miss_stub}
  0x000001438ac828d8: 0000 e9a1 | bba3 ff90 
[Verified Entry Point]
  0x000001438ac828e0: 8984 2400 | 80ff ff55 | 488b ec48 | 81ec 9000 | 0000 6690 | 4181 7f20 | 0400 0000 

  0x000001438ac828fc: ;   {runtime_call StubRoutines (final stubs)}
  0x000001438ac828fc: 7405 e8bd | 60a2 ff48 | 837d 1000 | 488d 4510 | 480f 4445 | 1048 8944 | 2440 4889 | 4c24 7048 
  0x000001438ac8291c: 83f9 0048 | 8d44 2470 | 480f 4444 | 2470 4889 | 4424 3848 | 8974 2430 | 4889 7c24 | 284c 894c 
  0x000001438ac8293c: 2458 4983 | f900 488d | 4424 5848 | 0f44 4424 | 5848 8944 | 2420 4c89 | 4424 5049 | 83f8 004c 
  0x000001438ac8295c: 8d4c 2450 | 4c0f 444c | 2450 4889 | 5424 4848 | 83fa 004c | 8d44 2448 | 4c0f 4444 

  0x000001438ac82978: ;   {oop(a 'java/lang/Class'{0x00000000800008d0} = 'java/lang/ClassLoader')}
  0x000001438ac82978: 2448 49be | d008 0080 | 0000 0000 | 4c89 7424 | 784c 8d74 | 2478 498b 

  0x000001438ac82990: ; ImmutableOopMap {[72]=Oop [80]=Oop [88]=Oop [112]=Oop [120]=Oop [160]=Oop }
                      ;   {section_word}
  0x000001438ac82990: d649 ba91 | 29c8 8a43 | 0100 004d | 8997 a803 | 0000 4989 | a7a0 0300 

  0x000001438ac829a8: ;   {external_word}
  0x000001438ac829a8: 0049 bac6 | 6cb5 22fd | 7f00 0041 | 803a 000f | 844e 0000 | 0052 4150 

  0x000001438ac829c0: ;   {metadata({method} {0x0000014397434a48} 'defineClass1' '(Ljava/lang/ClassLoader;Ljava/lang/String;[BIILjava/security/ProtectionDomain;Ljava/lang/String;)Ljava/lang/Class;' in 'java/lang/ClassLoader')}
  0x000001438ac829c0: 4151 48ba | 404a 4397 | 4301 0000 | 498b cf48 | 83ec 2040 | f6c4 0f0f | 8419 0000 | 0048 83ec 
  0x000001438ac829e0: ;   {runtime_call}
  0x000001438ac829e0: 0848 b820 | e55e 22fd | 7f00 00ff | d048 83c4 | 08e9 0c00 

  0x000001438ac829f4: ;   {runtime_call}
  0x000001438ac829f4: 0000 48b8 | 20e5 5e22 | fd7f 0000 | ffd0 4883 | c420 4159 | 4158 5a49 | 8d8f c003 | 0000 41c7 
  0x000001438ac82a14: 874c 0400 | 0004 0000 

  0x000001438ac82a1c: ;   {runtime_call}
  0x000001438ac82a1c: 0048 b8ac | 16d9 d7fd | 7f00 00ff | d041 c787 | 4c04 0000 | 0500 0000 | f083 4424 | c000 493b 
  0x000001438ac82a3c: af50 0400 | 000f 870e | 0000 0041 | 83bf 4804 | 0000 000f | 8428 0000 | 0048 8945 | f849 8bcf 
  0x000001438ac82a5c: 4c8b e448 | 83ec 2048 

  0x000001438ac82a64: ;   {runtime_call}
  0x000001438ac82a64: 83e4 f048 | b8e0 532a | 22fd 7f00 | 00ff d049 | 8be4 4d33 | e448 8b45 | f841 c787 | 4c04 0000 
  0x000001438ac82a84: 0800 0000 | 4183 bfc8 | 0400 0002 | 0f84 c700 

  0x000001438ac82a94: ;   {external_word}
  0x000001438ac82a94: 0000 49ba | c66c b522 | fd7f 0000 | 4180 3a00 | 0f84 4c00 | 0000 4889 

  0x000001438ac82aac: ;   {metadata({method} {0x0000014397434a48} 'defineClass1' '(Ljava/lang/ClassLoader;Ljava/lang/String;[BIILjava/security/ProtectionDomain;Ljava/lang/String;)Ljava/lang/Class;' in 'java/lang/ClassLoader')}
  0x000001438ac82aac: 45f8 48ba | 404a 4397 | 4301 0000 | 498b cf48 | 83ec 2040 | f6c4 0f0f | 8419 0000 | 0048 83ec 
  0x000001438ac82acc: ;   {runtime_call}
  0x000001438ac82acc: 0848 b820 | e55e 22fd | 7f00 00ff | d048 83c4 | 08e9 0c00 

  0x000001438ac82ae0: ;   {runtime_call}
  0x000001438ac82ae0: 0000 48b8 | 20e5 5e22 | fd7f 0000 | ffd0 4883 | c420 488b | 45f8 49c7 | 87a0 0300 | 0000 0000 
  0x000001438ac82b00: 0049 c787 | a803 0000 | 0000 0000 | 4885 c00f | 8425 0000 | 00a8 030f | 8508 0000 | 0048 8b00 
  0x000001438ac82b20: e915 0000 | 00a8 010f | 8509 0000 | 0048 8b40 | fee9 0400 | 0000 488b | 40ff 498b | 8f30 0400 
  0x000001438ac82b40: 00c7 8100 | 0100 0000 | 0000 00c9 | 4983 7f08 | 000f 8501 | 0000 00c3 

  0x000001438ac82b58: ;   {runtime_call StubRoutines (initial stubs)}
  0x000001438ac82b58: e9a3 e39e | ff48 8945 | f84c 8be4 | 4883 ec20 | 4883 e4f0 

  0x000001438ac82b6c: ;   {runtime_call}
  0x000001438ac82b6c: 48b8 701c | 5f22 fd7f | 0000 ffd0 | 498b e44d | 33e4 488b | 45f8 e90f | ffff fff4 
[/MachCode]


Compiled method (c2) 17318824 12002       4       java.lang.ClassLoader::defineClass (43 bytes)
 total in heap  [0x000001438b3af290,0x000001438b3b4c40] = 22960
 relocation     [0x000001438b3af3f0,0x000001438b3af7b0] = 960
 main code      [0x000001438b3af7c0,0x000001438b3b2740] = 12160
 stub code      [0x000001438b3b2740,0x000001438b3b28a0] = 352
 oops           [0x000001438b3b28a0,0x000001438b3b28b8] = 24
 metadata       [0x000001438b3b28b8,0x000001438b3b2b48] = 656
 scopes data    [0x000001438b3b2b48,0x000001438b3b3e48] = 4864
 scopes pcs     [0x000001438b3b3e48,0x000001438b3b4698] = 2128
 dependencies   [0x000001438b3b4698,0x000001438b3b4748] = 176
 handler table  [0x000001438b3b4748,0x000001438b3b4b50] = 1032
 nul chk table  [0x000001438b3b4b50,0x000001438b3b4c40] = 240

[Constant Pool (empty)]

[MachCode]
[Entry Point]
  # {method} {0x0000014397434dc8} 'defineClass' '(Ljava/lang/String;[BIILjava/security/ProtectionDomain;)Ljava/lang/Class;' in 'java/lang/ClassLoader'
  # this:     rdx:rdx   = 'java/lang/ClassLoader'
  # parm0:    r8:r8     = 'java/lang/String'
  # parm1:    r9:r9     = '[B'
  # parm2:    rdi       = int
  # parm3:    rsi       = int
  # parm4:    rcx:rcx   = 'java/security/ProtectionDomain'
  #           [sp+0xc0]  (sp of caller)
  0x000001438b3af7c0: 448b 5208 | 49bb 0000 | 0097 4301 | 0000 4d03 | d349 3bc2 

  0x000001438b3af7d4: ;   {runtime_call ic_miss_stub}
  0x000001438b3af7d4: 0f85 a6ec | 30ff 6690 | 0f1f 4000 
[Verified Entry Point]
  0x000001438b3af7e0: 8984 2400 | 80ff ff55 | 4881 ecb0 | 0000 0090 | 4181 7f20 | 0400 0000 | 0f85 342f | 0000 4889 
  0x000001438b3af800: 4c24 2089 | 7424 3c89 | 7c24 384c | 894c 2430 | 4889 5424 | 284c 8944 | 2440 4d85 | c00f 84c5 
  0x000001438b3af820: 1300 0041 | 8b68 1444 | 8b55 0c45 | 85d2 0f86 | 841f 0000 | 410f be48 | 1085 c90f | 8571 1a00 
  0x000001438b3af840: 0045 8bc2 | 41d3 f845 | 3bc2 450f | 4fc2 4585 | c00f 8ec5 | 1300 0045 | 3bd0 0f82 | 701f 0000 
  0x000001438b3af860: 4c8b d548 | 8d7d 1041 | 8bd0 b82f | 0000 0048 | 8bdf 83fa | 100f 8c31 | 0000 0066 | 0f6e c866 
  0x000001438b3af880: 0fef d266 | 0f38 00ca | 8bca 83e1 | f083 e20f | f30f 6f03 | 660f 74c1 | 660f 3817 | d00f 832a 
  0x000001438b3af8a0: 0000 0048 | 83c3 1083 | e910 75e4 | 85d2 0f84 | 1200 0000 | 0fb6 0b3b | c174 1c48 | 83c3 0183 
  0x000001438b3af8c0: ea01 7402 | ebee bbff | ffff ffeb | 0d66 0fd7 

  0x000001438b3af8d0: ;   {no_reloc}
  0x000001438b3af8d0: c80f bcc1 | 4803 d848 | 2bdf 83fb | ff0f 85e1 | 1f00 004c | 8b54 2440 | 458b 5214 | 4c8b 5c24 
  0x000001438b3af8f0: 4041 807b | 1000 0f85 | ff12 0000 

  0x000001438b3af8fc: ; implicit exception: dispatches to 0x000001438b3b226c
  0x000001438b3af8fc: 418b 6a0c | 85ed 0f86 | fc1e 0000 | 450f b65a | 1041 83fb | 5b0f 8469 | 2000 004c | 8b54 2440 
  0x000001438b3af91c: 418b 6a14 

  0x000001438b3af920: ; implicit exception: dispatches to 0x000001438b3b2258
  0x000001438b3af920: 448b 5d0c | 410f be4a | 1045 8bc3 | 41d3 f841 | 83c0 fb45 | 85c0 0f8c | 9a00 0000 | 85c9 7533 
  0x000001438b3af940: 4183 fb04 | 0f86 d21e | 0000 807d | 106a 0f85 | 8200 0000 | 807d 1161 | 757c 807d | 1276 7576 
  0x000001438b3af960: 807d 1361 | 7570 440f | be5d 1441 | 83fb 2e74 | 39eb 6344 | 0fb7 5d10 | 4183 fb6a | 7558 440f 
  0x000001438b3af980: b75d 1241 | 83fb 6175 | 4d44 0fb7 | 5d14 4183 | fb76 7542 | 440f b75d | 1641 83fb | 6175 3744 
  0x000001438b3af9a0: 0fb7 5d18 | 4183 fb2e 

  0x000001438b3af9a8: ;   {oop(a 'jdk/internal/loader/ClassLoaders$PlatformClassLoader'{0x00000000800031e0})}
  0x000001438b3af9a8: 752c 49ba | e031 0080 | 0000 0000 | 4c8b 5c24 | 284d 3bda | 0f85 c625 | 0000 4c8b 

  0x000001438b3af9c4: ;   {oop(a 'jdk/internal/loader/ClassLoaders$PlatformClassLoader'{0x00000000800031e0})}
  0x000001438b3af9c4: 5424 4048 | bee0 3100 | 8000 0000 | 004d 8bea | eb08 488b | 7424 284d | 8bea 4c8b | 5424 204d 
  0x000001438b3af9e4: 85d2 0f84 | 490b 0000 | 4c89 5424 | 484d 85ed | 0f84 7602 | 0000 4c8b | 5424 4845 | 8b52 1044 
  0x000001438b3afa04: 8954 2450 | 458b 4514 

  0x000001438b3afa0c: ; implicit exception: dispatches to 0x000001438b3b2294
  0x000001438b3afa0c: 418b 500c | 410f be4d | 1044 8bca | 41d3 f945 | 8bd9 41ff | cb85 c90f | 85b7 1e00 | 0044 8bd2 
  0x000001438b3afa2c: 41ff ca45 | 3bd3 450f | 4fd3 498b | e845 85d2 | 7c25 6690 | 443b d20f | 8396 1a00 | 0043 807c 
  0x000001438b3afa4c: 1010 2e74 | 184d 8b9f | 5804 0000 

  0x000001438b3afa58: ; ImmutableOopMap {r8=NarrowOop rsi=Oop rbp=Oop r13=Oop [40]=Oop [48]=Oop [64]=Oop [72]=Oop [80]=NarrowOop }
                      ;*goto {reexecute=1 rethrow=0 return_oop=0}
                      ; - (reexecute) java.lang.StringLatin1::lastIndexOf@35
                      ; - java.lang.String::lastIndexOf@13
                      ; - java.lang.String::lastIndexOf@8
                      ; - java.lang.ClassLoader::checkCerts@3
                      ; - java.lang.ClassLoader::preDefineClass@113
                      ; - java.lang.ClassLoader::defineClass@4
                      ;   {poll}
  0x000001438b3afa58: 41ff ca41 | 8503 4585 | d27d dd41 | baff ffff | ff41 83fa | ff0f 8429 | 1f00 0045 | 85d2 0f8c 
  0x000001438b3afa78: ac1e 0000 | 453b d10f | 8f57 1f00 | 0045 3bd1 | 0f84 6710 | 0000 4585 | d20f 844b | 1200 0049 
  0x000001438b3afa98: 8b9f b801 | 0000 4c8b | db49 83c3 | 184d 3b9f | c801 0000 | 0f83 7517 | 0000 4d89 | 9fb8 0100 
  0x000001438b3afab8: 0041 0f0d | 8b00 0100 | 0048 c703 | 0100 0000 

  0x000001438b3afac8: ;   {metadata('java/lang/String')}
  0x000001438b3afac8: c743 0878 | e800 0044 | 8963 0c4c | 8963 104d | 8d58 1044 | 3bd2 0f84 | 0609 0000 | 4181 fa00 
  0x000001438b3afae8: 0010 000f | 873f 1d00 | 004d 63ca | 4889 ac24 | 9000 0000 | 413b d28b | ea41 0f4f | ea3b d50f 
  0x000001438b3afb08: 825a 1d00 | 0044 3bd5 | 0f82 511d | 0000 4983 | c117 4d8b | c149 83e0 | f841 81fa | 0000 1000 
  0x000001438b3afb28: 0f87 f717 | 0000 4d8b | b7b8 0100 | 0049 8bce | 4903 c849 | 3b8f c801 | 0000 0f83 | dd17 0000 
  0x000001438b3afb48: 4989 8fb8 | 0100 000f | 0d89 0001 | 0000 49c7 | 0601 0000 | 000f 0d89 | 4001 0000 

  0x000001438b3afb64: ;   {metadata({type array byte})}
  0x000001438b3afb64: 41c7 4608 | 1823 0000 | 4589 560c | 0f0d 8980 | 0100 0049 | 8bd6 4883 | c210 49c1 | e903 85ed 
  0x000001438b3afb84: 0f84 ae1c | 0000 413b | ea0f 8c93 | 1000 0049 | 83c0 f049 | c1e8 0349 | 8bcb 49ba | 8074 6a8a 
  0x000001438b3afba4: 4301 0000 

  0x000001438b3afba8: ;   {other}
  0x000001438b3afba8: 41ff d20f | 1f84 0000 | 0000 0044 | 8863 104d | 8bde 4489 | 5b14 4c8b | d349 c1ea | 0949 bb00 
  0x000001438b3afbc8: 007f fd43 | 0100 0047 | 8824 1344 | 8b54 2450 

  0x000001438b3afbd8: ; implicit exception: dispatches to 0x000001438b3b22d0
  0x000001438b3afbd8: 458b 5214 | 4585 d20f | 8566 0700 | 0044 8b5c | 2450 458b | 4310 4585 | c00f 851a 

  0x000001438b3afbf4: ;   {oop(a 'java/security/cert/Certificate'[0] {0x0000000080005430})}
  0x000001438b3afbf4: 1100 0048 | bf30 5400 | 8000 0000 | 0044 8b5e | 2c45 85db | 0f84 da1b | 0000 4889 | 7c24 504c 
  0x000001438b3afc14: 896c 2420 | 488b ee49 | 8bd3 4c8b | c34c 8bcf | bf01 0000 

  0x000001438b3afc28: ;   {optimized virtual_call}
  0x000001438b3afc28: 0066 90e8 

  0x000001438b3afc2c: ; ImmutableOopMap {rbp=Oop [32]=Oop [40]=Oop [48]=Oop [64]=Oop [72]=Oop [80]=Oop }
                      ;*invokevirtual putVal {reexecute=0 rethrow=0 return_oop=1}
                      ; - java.util.concurrent.ConcurrentHashMap::putIfAbsent@4
                      ; - java.lang.ClassLoader::checkCerts@62
                      ; - java.lang.ClassLoader::preDefineClass@113
                      ; - java.lang.ClassLoader::defineClass@4
  0x000001438b3afc2c: f074 7ff9 

  0x000001438b3afc30: ;   {other}
  0x000001438b3afc30: 0f1f 8400 | a009 0001 | 4c8b d048 | 85c0 7430 | 448b 5808 

  0x000001438b3afc44: ;   {metadata('java/security/cert/Certificate'[])}
  0x000001438b3afc44: 4181 fb20 | 2910 000f | 8507 2400 | 004c 8b74 | 2450 458b | 460c 458b | 5a0c 4585 | c00f 87f6 
  0x000001438b3afc64: 0800 0045 | 85db 0f87 | b41d 0000 | 4c8b 5424 | 4841 8b6a | 1044 8b55 | 0c45 85d2 | 0f84 c008 
  0x000001438b3afc84: 0000 458b | 5a38 4d8b | c249 8bd3 | 9048 b8ff | ffff ffff 

  0x000001438b3afc98: ;   {virtual_call}
  0x000001438b3afc98: ffff ffe8 

  0x000001438b3afc9c: ; ImmutableOopMap {[40]=Oop [48]=Oop [64]=Oop [72]=Oop }
                      ;*invokevirtual toExternalForm {reexecute=0 rethrow=0 return_oop=1}
                      ; - java.net.URL::toExternalForm@5
                      ; - java.net.URL::toString@1
                      ; - java.lang.ClassLoader::defineClassSourceLocation@22
                      ; - java.lang.ClassLoader::defineClass@12
  0x000001438b3afc9c: 109b 3cff 

  0x000001438b3afca0: ;   {other}
  0x000001438b3afca0: 0f1f 8400 | 100a 0002 | 488b 5424 | 284c 8b44 | 2440 4c8b | 4c24 308b | 7c24 388b | 7424 3c48 
  0x000001438b3afcc0: 8b4c 2448 | 4889 0424 

  0x000001438b3afcc8: ;   {static_call}
  0x000001438b3afcc8: 6666 90e8 

  0x000001438b3afccc: ; ImmutableOopMap {[40]=Oop [72]=Oop }
                      ;*invokestatic defineClass1 {reexecute=0 rethrow=0 return_oop=1}
                      ; - java.lang.ClassLoader::defineClass@27
  0x000001438b3afccc: 102c 8dff 

  0x000001438b3afcd0: ;   {other}
  0x000001438b3afcd0: 0f1f 8400 | 400a 0003 | 4889 4424 | 2044 8b58 | 3c45 85db | 0f85 2a02 | 0000 4c8b | 5010 458b 
  0x000001438b3afcf0: 4208 4585 | c00f 8c11 | 1d00 0044 | 8b58 2c45 | 85db 0f84 | ac0e 0000 | 4d8b c341 | 8b78 148b 
  0x000001438b3afd10: 5f0c 410f | be48 108b | f3d3 fe44 | 8bde 41ff | cb85 c90f | 85a3 1d00 | 004c 8bd7 | 4c89 9424 
  0x000001438b3afd30: 8800 0000 | 448b cb41 | ffc9 453b | cb45 0f4f | cb45 85c9 | 7c31 6666 | 0f1f 8400 | 0000 0000 
  0x000001438b3afd50: 443b cb0f | 839e 1900 | 0042 807c | 0f10 2e74 | 1c49 8b8f | 5804 0000 | 41ff c94c 

  0x000001438b3afd6c: ; ImmutableOopMap {r10=Oop r8=Oop rdi=NarrowOop [32]=Oop [40]=Oop [72]=Oop [136]=Oop }
                      ;*goto {reexecute=1 rethrow=0 return_oop=0}
                      ; - (reexecute) java.lang.StringLatin1::lastIndexOf@35
                      ; - java.lang.String::lastIndexOf@13
                      ; - java.lang.String::lastIndexOf@8
                      ; - java.lang.Class::getPackageName@47
                      ; - java.lang.ClassLoader::postDefineClass@2
                      ; - java.lang.ClassLoader::defineClass@37
  0x000001438b3afd6c: 8b54 2420 

  0x000001438b3afd70: ;   {poll}
  0x000001438b3afd70: 8501 4585 | c97d d941 | b9ff ffff | ff41 83f9 | ff0f 84d1 | 1d00 0045 | 85c9 0f8c | 6c1d 0000 
  0x000001438b3afd90: 443b ce0f | 8fe7 1d00 | 0044 3bce | 0f84 510e | 0000 4585 | c90f 8437 | 1200 0049 | 8bb7 b801 
  0x000001438b3afdb0: 0000 4c8b | d649 83c2 | 184d 3b97 | c801 0000 | 0f83 0e16 | 0000 4d89 | 97b8 0100 | 0041 0f0d 
  0x000001438b3afdd0: 8a00 0100 | 0048 c706 | 0100 0000 

  0x000001438b3afddc: ;   {metadata('java/lang/String')}
  0x000001438b3afddc: c746 0878 | e800 0044 | 8966 0c4c | 8966 104c | 8d57 1044 | 3bcb 0f84 | 660c 0000 | 4181 f900 
  0x000001438b3afdfc: 0010 000f | 874f 1c00 | 004d 63d9 | 413b d98b | eb41 0f4f | e93b dd0f | 8272 1c00 | 0044 3bcd 
  0x000001438b3afe1c: 0f82 691c | 0000 4983 | c317 498b | fb48 83e7 | f841 81f9 | 0000 1000 | 0f87 0816 | 0000 498b 
  0x000001438b3afe3c: 9fb8 0100 | 004c 8bc3 | 4c03 c74d | 3b87 c801 | 0000 0f83 | ee15 0000 | 4d89 87b8 | 0100 0041 
  0x000001438b3afe5c: 0f0d 8800 | 0100 0048 | c703 0100 | 0000 410f | 0d88 4001 

  0x000001438b3afe70: ;   {metadata({type array byte})}
  0x000001438b3afe70: 0000 c743 | 0818 2300 | 0044 894b | 0c41 0f0d | 8880 0100 | 0048 8bd3 | 4883 c210 | 49c1 eb03 
  0x000001438b3afe90: 85ed 0f84 | c41b 0000 | 413b e90f | 8ce3 0d00 | 0048 83c7 | f048 c1ef | 0349 8bca | 4c8b c749 
  0x000001438b3afeb0: ba80 746a | 8a43 0100 | 0041 ffd2 

  0x000001438b3afebc: ;   {other}
  0x000001438b3afebc: 0f1f 8400 | 0000 0000 | 4488 6610 | 4c8b d344 | 8956 144c | 8bd6 49c1 | ea09 49bb | 0000 7ffd 
  0x000001438b3afedc: 4301 0000 | 4788 2413 

  0x000001438b3afee4: ;   {optimized virtual_call}
  0x000001438b3afee4: 488b d6e8 

  0x000001438b3afee8: ; ImmutableOopMap {[32]=Oop [40]=Oop [72]=Oop }
                      ;*invokevirtual intern {reexecute=0 rethrow=0 return_oop=1}
                      ; - java.lang.Class::getPackageName@65
                      ; - java.lang.ClassLoader::postDefineClass@2
                      ; - java.lang.ClassLoader::defineClass@37
  0x000001438b3afee8: 7415 88ff 

  0x000001438b3afeec: ;   {other}
  0x000001438b3afeec: 0f1f 8400 | 5c0c 0005 | 4c8b d84c | 8b54 2420 | 4589 5a3c | 49c1 ea09 | 49bb 0000 | 7ffd 4301 
  0x000001438b3aff0c: 0000 4788 | 2413 eb03 | 498b c34c | 8b54 2428 | 418b 4a38 | 85c9 0f84 | 7818 0000 | 4c8b c88b 
  0x000001438b3aff2c: 400c 4c8b | 5424 2045 | 8b42 3085 | c00f 84ad | 0300 008b | 5928 85db | 0f84 1501 | 0000 448b 
  0x000001438b3aff4c: 5b0c 4585 | db0f 86fd | 1900 0044 | 8bd0 41c1 | ea10 4433 | d041 ffcb | 4181 e2ff | ffff 7f45 
  0x000001438b3aff6c: 23da 4d63 | db46 8b5c | 9b10 4585 | db0f 84e0 | 0000 0041 | 8b6b 0c41 | 3bea 0f84 | 9a02 0000 
  0x000001438b3aff8c: 85ed 0f8c | 541c 0000 | 458b 5b18 | 4585 db0f | 84be 0000 | 0049 8bcb | 8b79 0c49 | 8b97 5804 
  0x000001438b3affac: ; ImmutableOopMap {r8=NarrowOop r9=Oop rcx=Oop [32]=Oop [40]=Oop [72]=Oop }
                      ;*if_icmpne {reexecute=1 rethrow=0 return_oop=0}
                      ; - (reexecute) java.util.concurrent.ConcurrentHashMap::get@127
                      ; - java.lang.ClassLoader::getNamedPackage@5
                      ; - java.lang.ClassLoader::postDefineClass@9
                      ; - java.lang.ClassLoader::defineClass@37
                      ;   {poll}
  0x000001438b3affac: 0000 8502 | 413b fa74 | 0d8b 4918 | 85c9 0f84 | 9f00 0000 | ebe2 8b69 | 104c 8bdd | 4d3b d90f 
  0x000001438b3affcc: 8483 0000 | 0085 ed0f | 845f 1f00 | 0048 894c | 2458 4489 | 5424 5444 | 8944 2450 | 4c89 4c24 
  0x000001438b3affec: 404c 8b54 | 2420 4c89 | 5424 384c | 8b54 2448 | 4c89 5424 | 304c 8b54 | 2428 4c89 | 5424 204c 
  0x000001438b3b000c: 8bc5 498b | d148 8b6c 

  0x000001438b3b0014: ;   {optimized virtual_call}
  0x000001438b3b0014: 2438 90e8 

  0x000001438b3b0018: ; ImmutableOopMap {rbp=Oop [32]=Oop [48]=Oop [64]=Oop [80]=NarrowOop [88]=Oop }
                      ;*invokevirtual equals {reexecute=0 rethrow=0 return_oop=0}
                      ; - java.util.concurrent.ConcurrentHashMap::get@149
                      ; - java.lang.ClassLoader::getNamedPackage@5
                      ; - java.lang.ClassLoader::postDefineClass@9
                      ; - java.lang.ClassLoader::defineClass@37
  0x000001438b3b0018: a4c1 86ff 

  0x000001438b3b001c: ;   {other}
  0x000001438b3b001c: 0f1f 8400 | 8c0d 0007 | 85c0 0f84 | 3c1f 0000 | 4c8b 5424 | 204c 8954 | 2428 4c8b | 5424 304c 
  0x000001438b3b003c: 8954 2448 | 4889 6c24 | 204c 8b4c | 2440 448b | 4424 5048 | 8b4c 2458 | 8b69 1485 | ed0f 8528 
  0x000001438b3b005c: 0200 0049 | 8b87 b801 | 0000 4c8b | d049 83c2 | 184d 3b97 | c801 0000 | 0f83 aa14 | 0000 4d89 
  0x000001438b3b007c: 97b8 0100 | 0041 0f0d | 8a00 0100 | 0048 c700 | 0100 0000 

  0x000001438b3b0090: ;   {metadata('java/lang/NamedPackage')}
  0x000001438b3b0090: c740 08e8 | c001 0044 | 8960 0c4c | 8960 104c | 894c 2430 | 4489 4424 | 3848 8944 | 2440 488b 
  0x000001438b3b00b0: ;   {optimized virtual_call}
  0x000001438b3b00b0: 5424 30e8 

  0x000001438b3b00b4: ; ImmutableOopMap {[32]=Oop [40]=Oop [48]=Oop [56]=NarrowOop [64]=Oop [72]=Oop }
                      ;*invokevirtual isEmpty {reexecute=0 rethrow=0 return_oop=0}
                      ; - java.lang.NamedPackage::<init>@5
                      ; - java.lang.ClassLoader::getNamedPackage@22
                      ; - java.lang.ClassLoader::postDefineClass@9
                      ; - java.lang.ClassLoader::defineClass@37
  0x000001438b3b00b4: 88aa 8dff 

  0x000001438b3b00b8: ;   {other}
  0x000001438b3b00b8: 0f1f 8400 | 280e 0008 | 85c0 0f84 | 350a 0000 | 448b 5424 | 3845 85d2 | 0f84 e219 | 0000 4c89 
  0x000001438b3b00d8: 5424 5049 

  0x000001438b3b00dc: ;   {optimized virtual_call}
  0x000001438b3b00dc: 8bd2 90e8 

  0x000001438b3b00e0: ; ImmutableOopMap {[32]=Oop [40]=Oop [48]=Oop [56]=NarrowOop [64]=Oop [72]=Oop [80]=Oop }
                      ;*invokevirtual isNamed {reexecute=0 rethrow=0 return_oop=0}
                      ; - java.lang.NamedPackage::<init>@12
                      ; - java.lang.ClassLoader::getNamedPackage@22
                      ; - java.lang.ClassLoader::postDefineClass@9
                      ; - java.lang.ClassLoader::defineClass@37
  0x000001438b3b00e0: 9ce6 30ff 

  0x000001438b3b00e4: ;   {other}
  0x000001438b3b00e4: 0f1f 8400 | 540e 0009 | 85c0 0f84 | 090a 0000 | 498b 87b8 | 0100 004c | 8bd0 4983 | c228 4d3b 
  0x000001438b3b0104: 97c8 0100 | 000f 835a | 1400 004d | 8997 b801 | 0000 410f | 0d8a 0001 | 0000 48c7 | 0001 0000 
  0x000001438b3b0124: ;   {metadata('java/lang/InternalError')}
  0x000001438b3b0124: 00c7 4008 | 3807 0100 | 4489 600c | 4c89 6010 | 4c89 6018 | 4c89 6020 | 4889 4424 | 6849 8b87 
  0x000001438b3b0144: b801 0000 | 4c8b d049 | 83c2 184d | 3b97 c801 | 0000 0f83 | f113 0000 | 4d89 97b8 | 0100 0041 
  0x000001438b3b0164: 0f0d 8a00 | 0100 0048 | c700 0100 

  0x000001438b3b0170: ;   {metadata('java/lang/StringBuilder')}
  0x000001438b3b0170: 0000 c740 | 0840 8000 | 0044 8960 | 0c4c 8960 | 1048 8be8 

  0x000001438b3b0184: ;   {optimized virtual_call}
  0x000001438b3b0184: 488b d5e8 

  0x000001438b3b0188: ; ImmutableOopMap {rbp=Oop [32]=Oop [40]=Oop [48]=Oop [56]=NarrowOop [64]=Oop [72]=Oop [80]=Oop [104]=Oop }
                      ;*invokespecial <init> {reexecute=0 rethrow=0 return_oop=0}
                      ; - java.lang.NamedPackage::<init>@26
                      ; - java.lang.ClassLoader::getNamedPackage@22
                      ; - java.lang.ClassLoader::postDefineClass@9
                      ; - java.lang.ClassLoader::defineClass@37
  0x000001438b3b0188: f4e5 30ff 

  0x000001438b3b018c: ;   {other}
  0x000001438b3b018c: 0f1f 8400 | fc0e 000a 

  0x000001438b3b0194: ;   {oop("unnamed package in  "{0x0000000080004228})}
  0x000001438b3b0194: 49b8 2842 | 0080 0000 | 0000 488b | d54c 8b54 | 2468 4c89 

  0x000001438b3b01a8: ;   {optimized virtual_call}
  0x000001438b3b01a8: 5424 60e8 

  0x000001438b3b01ac: ; ImmutableOopMap {[32]=Oop [40]=Oop [48]=Oop [56]=NarrowOop [64]=Oop [72]=Oop [80]=Oop [96]=Oop [104]=Oop }
                      ;*invokevirtual append {reexecute=0 rethrow=0 return_oop=1}
                      ; - java.lang.NamedPackage::<init>@31
                      ; - java.lang.ClassLoader::getNamedPackage@22
                      ; - java.lang.ClassLoader::postDefineClass@9
                      ; - java.lang.ClassLoader::defineClass@37
  0x000001438b3b01ac: d0e5 30ff 

  0x000001438b3b01b0: ;   {other}
  0x000001438b3b01b0: 0f1f 8400 | 200f 000b | 4885 c00f | 846f 1900 | 0048 8bd0 | 4c8b 4424 | 504c 8b54 | 2460 4c89 
  0x000001438b3b01d0: ;   {optimized virtual_call}
  0x000001438b3b01d0: 5424 50e8 

  0x000001438b3b01d4: ; ImmutableOopMap {[32]=Oop [40]=Oop [48]=Oop [56]=NarrowOop [64]=Oop [72]=Oop [80]=Oop [96]=Oop }
                      ;*invokevirtual append {reexecute=0 rethrow=0 return_oop=1}
                      ; - java.lang.NamedPackage::<init>@35
                      ; - java.lang.ClassLoader::getNamedPackage@22
                      ; - java.lang.ClassLoader::postDefineClass@9
                      ; - java.lang.ClassLoader::defineClass@37
  0x000001438b3b01d4: a8e5 30ff 

  0x000001438b3b01d8: ;   {other}
  0x000001438b3b01d8: 0f1f 8400 | 480f 000c | 4885 c00f | 845b 1900 | 0048 8bd0 

  0x000001438b3b01ec: ;   {optimized virtual_call}
  0x000001438b3b01ec: 6666 90e8 

  0x000001438b3b01f0: ; ImmutableOopMap {[32]=Oop [40]=Oop [48]=Oop [56]=NarrowOop [64]=Oop [72]=Oop [80]=Oop }
                      ;*invokevirtual toString {reexecute=0 rethrow=0 return_oop=1}
                      ; - java.lang.NamedPackage::<init>@38
                      ; - java.lang.ClassLoader::getNamedPackage@22
                      ; - java.lang.ClassLoader::postDefineClass@9
                      ; - java.lang.ClassLoader::defineClass@37
  0x000001438b3b01f0: 8ce5 30ff 

  0x000001438b3b01f4: ;   {other}
  0x000001438b3b01f4: 0f1f 8400 | 640f 000d | 488b 5424 | 504c 8bc0 

  0x000001438b3b0204: ;   {optimized virtual_call}
  0x000001438b3b0204: 6666 90e8 

  0x000001438b3b0208: ; ImmutableOopMap {[32]=Oop [40]=Oop [48]=Oop [56]=NarrowOop [64]=Oop [72]=Oop [80]=Oop }
                      ;*invokespecial <init> {reexecute=0 rethrow=0 return_oop=0}
                      ; - java.lang.NamedPackage::<init>@41
                      ; - java.lang.ClassLoader::getNamedPackage@22
                      ; - java.lang.ClassLoader::postDefineClass@9
                      ; - java.lang.ClassLoader::defineClass@37
  0x000001438b3b0208: 74e5 30ff 

  0x000001438b3b020c: ;   {other}
  0x000001438b3b020c: 0f1f 8400 | 7c0f 000e | 488b 5424 | 5048 81c4 | b000 0000 

  0x000001438b3b0220: ;   {runtime_call _rethrow_Java}
  0x000001438b3b0220: 5de9 daa7 | 3cff 418b | 6b10 488b | cd49 3bc9 | 7449 85ed | 0f84 7e19 | 0000 4489 | 5424 3c44 
  0x000001438b3b0240: 8944 2438 | 4c89 4c24 | 304c 8bc5 | 498b eb44 | 895c 2440 

  0x000001438b3b0254: ;   {optimized virtual_call}
  0x000001438b3b0254: 498b d1e8 

  0x000001438b3b0258: ; ImmutableOopMap {rbp=Oop [32]=Oop [40]=Oop [48]=Oop [56]=NarrowOop [64]=NarrowOop [72]=Oop }
                      ;*invokevirtual equals {reexecute=0 rethrow=0 return_oop=0}
                      ; - java.util.concurrent.ConcurrentHashMap::get@73
                      ; - java.lang.ClassLoader::getNamedPackage@5
                      ; - java.lang.ClassLoader::postDefineClass@9
                      ; - java.lang.ClassLoader::defineClass@37
  0x000001438b3b0258: 64bf 86ff 

  0x000001438b3b025c: ;   {other}
  0x000001438b3b025c: 0f1f 8400 | cc0f 000f | 85c0 0f84 | 8c0a 0000 | 4c8b 4c24 | 3044 8b44 | 2438 448b | 5c24 4041 
  0x000001438b3b027c: 8b6b 1485 | ed0f 84d8 | fdff ff44 | 8b5d 0849 | ba00 0000 | 9743 0100 | 004d 03d3 | 4d8b 5238 
  0x000001438b3b029c: ;   {metadata('java/lang/NamedPackage')}
  0x000001438b3b029c: 49bb e8c0 | 0197 4301 | 0000 4d3b | d30f 8501 | 1600 004c | 8b54 2448 | 458b 5210 

  0x000001438b3b02b8: ; implicit exception: dispatches to 0x000001438b3b2364
  0x000001438b3b02b8: 418b 4a14 | 85c9 0f85 | b901 0000 | 458b 4210 | 4585 c00f | 8520 0d00 | 0048 8b44 | 2420 4881 
  0x000001438b3b02d8: c4b0 0000 

  0x000001438b3b02dc: ;   {poll_return}
  0x000001438b3b02dc: 005d 493b | a750 0400 | 000f 8731 | 2400 00c3 | 450f b651 | 1145 85d2 | 0f85 f709 | 0000 458b 
  0x000001438b3b02fc: 5114 488b | e949 8bd2 | 4180 7910 | 000f 85f6 | 0f00 0044 | 8944 243c | 894c 2438 | 4c89 4c24 
  0x000001438b3b031c: ;   {static_call}
  0x000001438b3b031c: 3066 90e8 

  0x000001438b3b0320: ; ImmutableOopMap {rbp=Oop [32]=Oop [40]=Oop [48]=Oop [56]=NarrowOop [60]=NarrowOop [72]=Oop }
                      ;*invokestatic hashCode {reexecute=0 rethrow=0 return_oop=0}
                      ; - java.lang.String::hashCode@27
                      ; - java.util.concurrent.ConcurrentHashMap::get@1
                      ; - java.lang.ClassLoader::getNamedPackage@5
                      ; - java.lang.ClassLoader::postDefineClass@9
                      ; - java.lang.ClassLoader::defineClass@37
  0x000001438b3b0320: 5cea 30ff 

  0x000001438b3b0324: ;   {other}
  0x000001438b3b0324: 0f1f 8400 | 9410 0010 | 85c0 0f84 | b70f 0000 | 4c8b 4c24 | 3041 8941 | 0c8b 4c24 | 3844 8b44 
  0x000001438b3b0344: 243c e9f4 | fbff ff45 | 8b5a 0c45 | 8b42 084d | 63cb 498b | ea49 c1e1 | 0241 81fb | 0000 0400 
  0x000001438b3b0364: 0f87 1b12 | 0000 498b | bfb8 0100 | 0049 8bc9 | 4883 c117 | 4883 e1f8 | 488b d748 | 03d1 493b 
  0x000001438b3b0384: 97c8 0100 | 000f 83f6 | 1100 0049 | 8997 b801 | 0000 0f0d | 8a00 0100 | 0048 c707 | 0100 0000 
  0x000001438b3b03a4: 4489 4708 | 4489 5f0c | 0f0d 8a40 | 0100 000f | 0d8a 8001 | 0000 498d | 4a10 488b | d748 83c2 
  0x000001438b3b03c4: 1049 83c1 | 0749 c1e9 | 034d 8bc1 | 49ba 8074 | 6a8a 4301 | 0000 41ff 

  0x000001438b3b03dc: ;   {other}
  0x000001438b3b03dc: d20f 1f84 | 0000 0000 | 00e9 17f8 | ffff 4c63 | d281 fa00 | 0010 000f | 870c 1200 | 0049 8bbf 
  0x000001438b3b03fc: b801 0000 | 4d8b ca49 | 83c1 1749 | 83e1 f848 | 8bcf 4903 | c949 3b8f | c801 0000 | 0f83 e711 
  0x000001438b3b041c: 0000 4989 | 8fb8 0100 | 000f 0d89 | 0001 0000 | 48c7 0701 | 0000 000f | 0d89 4001 

  0x000001438b3b0438: ;   {metadata({type array byte})}
  0x000001438b3b0438: 0000 c747 | 0818 2300 | 0089 570c | 0f0d 8980 | 0100 0048 | 8bd7 4883 | c210 4983 | c207 49c1 
  0x000001438b3b0458: ea03 498b | cb4d 8bc2 | 49ba 8074 | 6a8a 4301 | 0000 41ff 

  0x000001438b3b046c: ;   {other}
  0x000001438b3b046c: d20f 1f84 | 0000 0000 | 004c 8bf7 | e936 f7ff | ff44 8b49 | 0c44 8b41 | 0848 8be9 | 4963 f948 
  0x000001438b3b048c: c1e7 0241 | 81f9 0000 | 0400 0f87 | 0312 0000 | 498b 9fb8 | 0100 004c | 8bd7 4983 | c217 4983 
  0x000001438b3b04ac: e2f8 4c8b | db4d 03da | 4d3b 9fc8 | 0100 000f | 83de 1100 | 004d 899f | b801 0000 | 410f 0d8b 
  0x000001438b3b04cc: 0001 0000 | 48c7 0301 | 0000 0044 | 8943 0844 | 894b 0c41 | 0f0d 8b40 | 0100 0041 | 0f0d 8b80 
  0x000001438b3b04ec: 0100 0048 | 8d49 1048 | 8bd3 4883 | c210 4883 | c707 48c1 | ef03 4c8b | c749 ba80 | 746a 8a43 
  0x000001438b3b050c: 0100 0041 

  0x000001438b3b0510: ;   {other}
  0x000001438b3b0510: ffd2 0f1f | 8400 0000 | 0000 488b | 5424 204c 

  0x000001438b3b0520: ;   {optimized virtual_call}
  0x000001438b3b0520: 8bc3 90e8 

  0x000001438b3b0524: ; ImmutableOopMap {[32]=Oop }
                      ;*invokevirtual setSigners {reexecute=0 rethrow=0 return_oop=0}
                      ; - java.lang.ClassLoader::setSigners@2
                      ; - java.lang.ClassLoader::postDefineClass@35
                      ; - java.lang.ClassLoader::defineClass@37
  0x000001438b3b0524: 386e 8dff 

  0x000001438b3b0528: ;   {other}
  0x000001438b3b0528: 0f1f 8400 | 9812 0011 | e99c fdff | ff44 8b5e | 344d 8bd3 | 4c89 5424 | 48e9 abf4 | ffff 33c0 
  0x000001438b3b0548: e95b f7ff | ff41 ffc1 | 453b c87c | 3945 33ed | e99f 0200 | 0045 3bc3 | 0f85 ee17 | 0000 418b 
  0x000001438b3b0568: d8ff cb41 | 3bd8 0f83 | a416 0000 | 4585 db0f | 869b 1600 | 0041 8bcb | ffc9 413b | cb0f 83c5 
  0x000001438b3b0588: 1600 0045 | 33c9 438b | 548e 108b | 7a08 418b | 4a10 3bd1 | 74af 8b59 

  0x000001438b3b05a0: ;   {metadata('sun/security/x509/X509CertImpl')}
  0x000001438b3b05a0: 0881 ffc0 | 1306 010f | 85c3 1a00 | 0048 8bfa | 8b77 2066 | 0f6e ce48 

  0x000001438b3b05b8: ;   {metadata('sun/security/x509/X509CertImpl')}
  0x000001438b3b05b8: 8be9 81fb | c013 0601 | 0f85 321b | 0000 8b4d | 2048 8bde | 6648 0f6e | c348 8bf1 | 488b fb48 
  0x000001438b3b05d8: 3bfe 0f84 | cb00 0000 | 4885 ff0f | 84c9 0000 | 0048 85f6 | 0f84 c000 | 0000 8b4f | 0c3b 4e0c 
  0x000001438b3b05f8: 0f85 b400 | 0000 85c9 | 0f84 a500 | 0000 488d | 7f10 488d | 7610 8bc1 | 83e0 0f83 | e1f0 0f84 
  0x000001438b3b0618: 4b00 0000 | 488d 3c0f | 488d 340e | 48f7 d9f3 | 0f6f 1c0f | f30f 6f14 | 0e66 0fef | da66 0f38 
  0x000001438b3b0638: 17db 0f85 | 7200 0000 | 4883 c110 | 75e1 85c0 | 0f84 5d00 | 0000 f30f | 6f5c 07f0 | f30f 6f54 
  0x000001438b3b0658: 06f0 660f | efda 660f | 3817 db75 | 4deb 448b | c883 e1fc | 7419 488d | 3c0f 488d | 340e 48f7 
  0x000001438b3b0678: d98b 1c0f | 3b1c 0e75 | 3148 83c1 | 0475 f2a8 | 0274 120f | b71f 0fb7 | 0e3b d975 | 1d48 8d7f 
  0x000001438b3b0698: 0248 8d76 | 02a8 0174 | 0a0f b61f | 0fb6 0e3b | d975 07b8 | 0100 0000 | eb02 33c0 | 85c0 0f85 
  0x000001438b3b06b8: ;   {no_reloc}
  0x000001438b3b06b8: 91fe ffff | b901 0000 | 0041 3bcb | 0f8d ea15 | 0000 41bd | 0100 0000 | 438b 5caa | 103b d30f 
  0x000001438b3b06d8: 8470 feff | ff8b 4b08 

  0x000001438b3b06e0: ;   {metadata('sun/security/x509/X509CertImpl')}
  0x000001438b3b06e0: 488b eb81 | f9c0 1306 | 010f 850c | 1a00 008b | 5d20 488b | f366 480f | 7ec7 483b | fe0f 84cb 
  0x000001438b3b0700: 0000 0048 | 85ff 0f84 | c900 0000 | 4885 f60f | 84c0 0000 | 008b 4f0c | 3b4e 0c0f | 85b4 0000 
  0x000001438b3b0720: 0085 c90f | 84a5 0000 | 0048 8d7f | 1048 8d76 | 108b c183 | e00f 83e1 | f00f 844b | 0000 0048 
  0x000001438b3b0740: 8d3c 0f48 | 8d34 0e48 | f7d9 f30f | 6f14 0ff3 | 0f6f 1c0e | 660f efd3 | 660f 3817 | d20f 8572 
  0x000001438b3b0760: 0000 0048 | 83c1 1075 | e185 c00f | 845d 0000 | 00f3 0f6f | 5407 f0f3 | 0f6f 5c06 | f066 0fef 
  0x000001438b3b0780: d366 0f38 | 17d2 754d | eb44 8bc8 | 83e1 fc74 | 1948 8d3c | 0f48 8d34 | 0e48 f7d9 | 8b1c 0f3b 
  0x000001438b3b07a0: 1c0e 7531 | 4883 c104 | 75f2 a802 | 7412 0fb7 | 1f0f b70e | 3bd9 751d | 488d 7f02 | 488d 7602 
  0x000001438b3b07c0: a801 740a | 0fb6 1f0f | b60e 3bd9 | 7507 b801 | 0000 00eb | 0233 c085 | c00f 856e | fdff ff41 
  0x000001438b3b07e0: ;   {no_reloc}
  0x000001438b3b07e0: ffc5 453b | eb0f 8ce5 | feff ffe9 | ca14 0000 | 41ff c545 | 3beb 0f8d | 74f4 ffff | 438b 54aa 
  0x000001438b3b0800: 108b 5a08 | 418b 6e10 | 3bd5 74e4 

  0x000001438b3b080c: ; implicit exception: dispatches to 0x000001438b3b2460
  0x000001438b3b080c: 448b 4d08 

  0x000001438b3b0810: ;   {metadata('sun/security/x509/X509CertImpl')}
  0x000001438b3b0810: 81fb c013 | 0601 0f85 | a818 0000 | 488b dd48 | 8bca 8b79 | 2066 0f6e 

  0x000001438b3b0828: ;   {metadata('sun/security/x509/X509CertImpl')}
  0x000001438b3b0828: c741 81f9 | c013 0601 | 0f85 0619 | 0000 8b4b | 2048 8bef | 488b f148 | 8bfd 483b | fe0f 84cb 
  0x000001438b3b0848: 0000 0048 | 85ff 0f84 | c900 0000 | 4885 f60f | 84c0 0000 | 008b 4f0c | 3b4e 0c0f | 85b4 0000 
  0x000001438b3b0868: 0085 c90f | 84a5 0000 | 0048 8d7f | 1048 8d76 | 108b c183 | e00f 83e1 | f00f 844b | 0000 0048 
  0x000001438b3b0888: 8d3c 0f48 | 8d34 0e48 | f7d9 f30f | 6f14 0ff3 | 0f6f 0c0e | 660f efd1 | 660f 3817 | d20f 8572 
  0x000001438b3b08a8: 0000 0048 | 83c1 1075 | e185 c00f | 845d 0000 | 00f3 0f6f | 5407 f0f3 | 0f6f 4c06 | f066 0fef 
  0x000001438b3b08c8: d166 0f38 | 17d2 754d | eb44 8bc8 | 83e1 fc74 | 1948 8d3c | 0f48 8d34 | 0e48 f7d9 | 8b1c 0f3b 
  0x000001438b3b08e8: 1c0e 7531 | 4883 c104 | 75f2 a802 | 7412 0fb7 | 1f0f b70e | 3bd9 751d | 488d 7f02 | 488d 7602 
  0x000001438b3b0908: a801 740a | 0fb6 1f0f | b60e 3bd9 | 7507 b801 | 0000 00eb | 0233 c085 | c00f 85c9 | feff ffb9 
  0x000001438b3b0928: ;   {no_reloc}
  0x000001438b3b0928: 0100 0000 | 413b c80f | 8dcf 1300 | 0041 b901 | 0000 000f | 1f44 0000 | 438b 7c8e | 103b d70f 
  0x000001438b3b0948: 84a3 feff | ff8b 4f08 

  0x000001438b3b0950: ;   {metadata('sun/security/x509/X509CertImpl')}
  0x000001438b3b0950: 488b df81 | f9c0 1306 | 010f 85e0 | 1700 008b | 5b20 488b | f348 8bfd | 483b fe0f | 84cb 0000 
  0x000001438b3b0970: 0048 85ff | 0f84 c900 | 0000 4885 | f60f 84c0 | 0000 008b | 4f0c 3b4e | 0c0f 85b4 | 0000 0085 
  0x000001438b3b0990: c90f 84a5 | 0000 0048 | 8d7f 1048 | 8d76 108b | c183 e00f | 83e1 f00f | 844b 0000 | 0048 8d3c 
  0x000001438b3b09b0: 0f48 8d34 | 0e48 f7d9 | f30f 6f14 | 0ff3 0f6f | 0c0e 660f | efd1 660f | 3817 d20f | 8572 0000 
  0x000001438b3b09d0: 0048 83c1 | 1075 e185 | c00f 845d | 0000 00f3 | 0f6f 5407 | f0f3 0f6f | 4c06 f066 | 0fef d166 
  0x000001438b3b09f0: 0f38 17d2 | 754d eb44 | 8bc8 83e1 | fc74 1948 | 8d3c 0f48 | 8d34 0e48 | f7d9 8b1c | 0f3b 1c0e 
  0x000001438b3b0a10: 7531 4883 | c104 75f2 | a802 7412 | 0fb7 1f0f | b70e 3bd9 | 751d 488d | 7f02 488d | 7602 a801 
  0x000001438b3b0a30: 740a 0fb6 | 1f0f b60e | 3bd9 7507 | b801 0000 | 00eb 0233 | c085 c00f | 85a3 fdff | ff41 ffc1 
  0x000001438b3b0a50: ;   {no_reloc}
  0x000001438b3b0a50: 453b c80f | 8ce7 feff | ffe9 ac12 | 0000 4c63 | cb81 fb00 | 0010 000f | 87bb 0c00 | 0049 8baf 
  0x000001438b3b0a70: b801 0000 | 4d8b d949 | 83c3 1749 | 83e3 f84c | 8bc5 4d03 | c34d 3b87 | c801 0000 | 0f83 960c 
  0x000001438b3b0a90: 0000 4d89 | 87b8 0100 | 0041 0f0d | 8800 0100 | 0048 c745 | 0001 0000 | 0041 0f0d | 8840 0100 
  0x000001438b3b0ab0: ;   {metadata({type array byte})}
  0x000001438b3b0ab0: 00c7 4508 | 1823 0000 | 895d 0c41 | 0f0d 8880 | 0100 0048 | 8bd5 4883 | c210 4983 | c107 49c1 
  0x000001438b3b0ad0: e903 498b | ca4d 8bc1 | 49ba 8074 | 6a8a 4301 | 0000 41ff 

  0x000001438b3b0ae4: ;   {other}
  0x000001438b3b0ae4: d20f 1f84 | 0000 0000 | 0048 8bdd | e9cf f3ff | ff49 8bdd | e9d6 f0ff | ff48 8b54 

  0x000001438b3b0b00: ;   {optimized virtual_call}
  0x000001438b3b0b00: 2430 90e8 

  0x000001438b3b0b04: ; ImmutableOopMap {[32]=Oop [40]=Oop [48]=Oop [56]=NarrowOop [64]=Oop [72]=Oop }
                      ;*invokevirtual intern {reexecute=0 rethrow=0 return_oop=1}
                      ; - java.lang.NamedPackage::<init>@47
                      ; - java.lang.ClassLoader::getNamedPackage@22
                      ; - java.lang.ClassLoader::postDefineClass@9
                      ; - java.lang.ClassLoader::defineClass@37
  0x000001438b3b0b04: 5809 88ff 

  0x000001438b3b0b08: ;   {other}
  0x000001438b3b0b08: 0f1f 8400 | 7818 0012 | 4c8b 4424 | 408b 4c24 | 3841 8948 | 104c 8bd8 | 4589 580c | 4d8b d049 
  0x000001438b3b0b28: c1ea 0949 | bb00 007f | fd43 0100 | 0047 8824 | 134c 8b5c | 2428 458b | 5338 4585 | d20f 843d 
  0x000001438b3b0b48: 1100 0049 | 8bd2 4c8b | 4424 304c | 8b4c 2440 | bf01 0000 

  0x000001438b3b0b5c: ;   {optimized virtual_call}
  0x000001438b3b0b5c: 0066 90e8 

  0x000001438b3b0b60: ; ImmutableOopMap {[32]=Oop [40]=Oop [56]=NarrowOop [64]=Oop [72]=Oop }
                      ;*invokevirtual putVal {reexecute=0 rethrow=0 return_oop=1}
                      ; - java.util.concurrent.ConcurrentHashMap::putIfAbsent@4
                      ; - java.lang.ClassLoader::getNamedPackage@32
                      ; - java.lang.ClassLoader::postDefineClass@9
                      ; - java.lang.ClassLoader::defineClass@37
  0x000001438b3b0b60: fc88 edff 

  0x000001438b3b0b64: ;   {other}
  0x000001438b3b0b64: 0f1f 8400 | d418 0013 | 4885 c00f | 843a f7ff | ff44 8b50 | 0849 bb00 | 0000 9743 | 0100 004d 
  0x000001438b3b0b84: 03da 4d8b 

  0x000001438b3b0b88: ;   {metadata('java/lang/NamedPackage')}
  0x000001438b3b0b88: 5338 49bb | e8c0 0197 | 4301 0000 | 4d3b d30f | 85ff 1000 | 0048 8be8 | ba54 ffff 

  0x000001438b3b0ba4: ;   {runtime_call UncommonTrapBlob}
  0x000001438b3b0ba4: ff66 90e8 

  0x000001438b3b0ba8: ; ImmutableOopMap {rbp=Oop [32]=Oop [40]=Oop [56]=NarrowOop [64]=Oop [72]=Oop }
                      ;*ifnull {reexecute=1 rethrow=0 return_oop=0}
                      ; - (reexecute) java.lang.ClassLoader::getNamedPackage@42
                      ; - java.lang.ClassLoader::postDefineClass@9
                      ; - java.lang.ClassLoader::defineClass@37
  0x000001438b3b0ba8: 542e 31ff 

  0x000001438b3b0bac: ;   {other}
  0x000001438b3b0bac: 0f1f 8400 | 1c19 0014 | 488b d048 

  0x000001438b3b0bb8: ;   {optimized virtual_call}
  0x000001438b3b0bb8: 8be8 90e8 

  0x000001438b3b0bbc: ; ImmutableOopMap {rbp=Oop [32]=Oop [40]=Oop [72]=Oop }
                      ;*invokevirtual initClassName {reexecute=0 rethrow=0 return_oop=1}
                      ; - java.lang.Class::getName@14
                      ; - java.lang.Class::getPackageName@40
                      ; - java.lang.ClassLoader::postDefineClass@2
                      ; - java.lang.ClassLoader::defineClass@37
  0x000001438b3b0bbc: 20be 88ff 

  0x000001438b3b0bc0: ;   {other}
  0x000001438b3b0bc0: 0f1f 8400 | 3019 0015 | 4c8b c048 | 85c0 0f85 | 37f1 ffff | baf6 ffff 

  0x000001438b3b0bd8: ;   {runtime_call UncommonTrapBlob}
  0x000001438b3b0bd8: ff66 90e8 

  0x000001438b3b0bdc: ; ImmutableOopMap {}
                      ;*invokevirtual lastIndexOf {reexecute=0 rethrow=0 return_oop=0}
                      ; - java.lang.Class::getPackageName@47
                      ; - java.lang.ClassLoader::postDefineClass@2
                      ; - java.lang.ClassLoader::defineClass@37
  0x000001438b3b0bdc: 202e 31ff 

  0x000001438b3b0be0: ;   {other}
  0x000001438b3b0be0: 0f1f 8400 | 5019 0016 | 4533 ed48 | 8bf2 e9eb | edff ff49 | 8bf0 e9e9 | f2ff ff49 | 8bd2 4533 
  0x000001438b3b0c00: c048 8b6c 

  0x000001438b3b0c04: ;   {static_call}
  0x000001438b3b0c04: 2428 90e8 

  0x000001438b3b0c08: ; ImmutableOopMap {rbp=Oop [32]=Oop [40]=Oop [48]=Oop [64]=Oop }
                      ;*invokestatic charAt {reexecute=0 rethrow=0 return_oop=0}
                      ; - java.lang.String::charAt@21
                      ; - java.lang.ClassLoader::checkName@25
                      ; - java.lang.ClassLoader::preDefineClass@1
                      ; - java.lang.ClassLoader::defineClass@4
  0x000001438b3b0c08: 74e1 30ff 

  0x000001438b3b0c0c: ;   {other}
  0x000001438b3b0c0c: 0f1f 8400 | 7c19 0017 | 448b d8e9 | f1ec ffff | bbff ffff | ffe9 b4ec | ffff 4c63 | c54d 8bd0 
  0x000001438b3b0c2c: 4983 c210 | 498b ca48 | 83e1 f849 | 8bfe 4803 | f949 c1ea | 034d 2bca | 498b c948 | 33c0 4883 
  0x000001438b3b0c4c: f908 7f10 | 48ff c978 | 1248 8904 | cf48 ffc9 | 7df7 eb07 | 48c1 e103 | f348 aa49 | 8bcb 49ba 
  0x000001438b3b0c6c: 406e 6a8a | 4301 0000 

  0x000001438b3b0c74: ;   {other}
  0x000001438b3b0c74: 41ff d20f | 1f84 0000 | 0000 00e9 | 2fef ffff | 4c63 c54d | 8bc8 4983 | c110 498b | c948 83e1 
  0x000001438b3b0c94: f848 8bfb | 4803 f949 | c1e9 034d | 2bd9 498b | cb48 33c0 | 4883 f908 | 7f10 48ff | c978 1248 
  0x000001438b3b0cb4: 8904 cf48 | ffc9 7df7 | eb07 48c1 | e103 f348 | aa49 8bca | 49ba 406e | 6a8a 4301 | 0000 41ff 
  0x000001438b3b0cd4: ;   {other}
  0x000001438b3b0cd4: d20f 1f84 | 0000 0000 | 00e9 e2f1 

  0x000001438b3b0ce0: ;   {oop(""{0x0000000080001ac8})}
  0x000001438b3b0ce0: ffff 48bb | c81a 0080 | 0000 0000 | e9e2 eeff | ff33 c0e9 | 47f2 ffff | 4c8b 4c24 | 3044 8b44 
  0x000001438b3b0d00: 2438 448b | 5424 3c44 | 8b5c 2440 | e983 f2ff | ff49 8b87 | b801 0000 | 4c8b d049 | 83c2 184d 
  0x000001438b3b0d20: 3b97 c801 | 0000 0f83 | 6010 0000 | 4d89 97b8 | 0100 0041 | 0f0d 8a00 | 0100 0048 | c700 0100 
  0x000001438b3b0d40: ;   {metadata('java/util/ArrayList')}
  0x000001438b3b0d40: 0000 c740 | 08d0 890b | 0044 8960 | 0c44 8960 

  0x000001438b3b0d50: ;   {oop(a 'java/lang/Object'[0] {0x00000000800005d8})}
  0x000001438b3b0d50: 10c7 4014 | d805 0080 | 488b c845 | 8b48 0c45 | 85c9 0f86 | fa00 0000 | 4533 c9eb | 3566 6690 
  0x000001438b3b0d70: 4889 6c24 | 404c 8b54 | 2420 4c89 | 5424 2848 | 8b74 2448 | 4c8b 6c24 | 584c 8b54 | 2460 4c89 
  0x000001438b3b0d90: 5424 4848 | 8b5c 2468 | 4c8b 5c24 | 7048 8b4c | 2478 458b | 500c 453b | ca0f 8319 | 1200 0047 
  0x000001438b3b0db0: 8b54 8810 

  0x000001438b3b0db4: ; implicit exception: dispatches to 0x000001438b3b24c8
  0x000001438b3b0db4: 458b 4210 

  0x000001438b3b0db8: ; implicit exception: dispatches to 0x000001438b3b24dc
  0x000001438b3b0db8: 458b 5010 | 4489 4c24 | 5448 894c | 2478 4c89 | 5c24 7048 | 895c 2468 | 4c8b 5c24 | 484c 895c 
  0x000001438b3b0dd8: 2460 4c89 | 6c24 5848 | 8974 2448 | 4c8b 5c24 | 284c 895c | 2420 488b | 6c24 404d | 8bc2 488b 
  0x000001438b3b0df8: ;   {optimized virtual_call}
  0x000001438b3b0df8: d166 90e8 

  0x000001438b3b0dfc: ; ImmutableOopMap {rbp=Oop [32]=Oop [48]=Oop [72]=Oop [80]=NarrowOop [88]=Oop [96]=Oop [104]=Oop [112]=Oop [120]=Oop }
                      ;*invokevirtual addAll {reexecute=0 rethrow=0 return_oop=0}
                      ; - java.security.CodeSource::getCertificates@57
                      ; - java.lang.ClassLoader::checkCerts@34
                      ; - java.lang.ClassLoader::preDefineClass@113
                      ; - java.lang.ClassLoader::defineClass@4
  0x000001438b3b0dfc: 80d9 30ff 

  0x000001438b3b0e00: ;   {other}
  0x000001438b3b0e00: 0f1f 8400 | 701b 0018 | 4d8b 9f58 | 0400 0044 | 8b54 2450 | 458b 4210 | 448b 4c24 

  0x000001438b3b0e1c: ; ImmutableOopMap {r8=NarrowOop rbp=Oop [32]=Oop [48]=Oop [72]=Oop [80]=NarrowOop [88]=Oop [96]=Oop [104]=Oop [112]=Oop [120]=Oop }
                      ;*goto {reexecute=1 rethrow=0 return_oop=0}
                      ; - (reexecute) java.security.CodeSource::getCertificates@64
                      ; - java.lang.ClassLoader::checkCerts@34
                      ; - java.lang.ClassLoader::preDefineClass@113
                      ; - java.lang.ClassLoader::defineClass@4
  0x000001438b3b0e1c: 5441 ffc1 

  0x000001438b3b0e20: ;   {poll}
  0x000001438b3b0e20: 4185 0345 | 8b50 0c45 | 3bca 0f8c | 40ff ffff | 4889 6c24 | 404c 8b54 | 2420 4c89 | 5424 2848 
  0x000001438b3b0e40: 8b74 2448 | 4c8b 6c24 | 584c 8b54 | 2460 4c89 | 5424 4848 | 8b5c 2468 | 4c8b 5c24 | 7048 8b4c 
  0x000001438b3b0e60: 2478 498b | 87b8 0100 | 004c 8bd0 | 4983 c210 | 4d3b 97c8 | 0100 000f | 83a4 0f00 | 004d 8997 
  0x000001438b3b0e80: b801 0000 | 410f 0d8a | 0001 0000 | 48c7 0001 | 0000 0041 | 0f0d 8a40 

  0x000001438b3b0e98: ;   {metadata('java/security/cert/Certificate'[])}
  0x000001438b3b0e98: 0100 00c7 | 4008 2029 | 1000 410f | 0d8a 8001 | 0000 4489 | 600c 488b | 6c24 404c | 8b54 2428 
  0x000001438b3b0eb8: 4c89 5424 | 2048 8974 | 2458 4c89 | 6c24 6048 | 895c 2468 | 4c89 5c24 | 7048 894c | 2478 4c8b 
  0x000001438b3b0ed8: c048 8b54 

  0x000001438b3b0edc: ;   {optimized virtual_call}
  0x000001438b3b0edc: 2478 90e8 

  0x000001438b3b0ee0: ; ImmutableOopMap {rbp=Oop [32]=Oop [48]=Oop [72]=Oop [80]=NarrowOop [88]=Oop [96]=Oop [104]=Oop [112]=Oop }
                      ;*invokevirtual toArray {reexecute=0 rethrow=0 return_oop=1}
                      ; - java.security.CodeSource::getCertificates@73
                      ; - java.lang.ClassLoader::checkCerts@34
                      ; - java.lang.ClassLoader::preDefineClass@113
                      ; - java.lang.ClassLoader::defineClass@4
  0x000001438b3b0ee0: 9cd8 30ff 

  0x000001438b3b0ee4: ;   {other}
  0x000001438b3b0ee4: 0f1f 8400 | 541c 001a | 488b c844 

  0x000001438b3b0ef0: ;   {metadata('java/security/cert/Certificate'[])}
  0x000001438b3b0ef0: 8b50 0841 | 81fa 2029 | 1000 0f85 | 9c12 0000 | 448b 490c | 4c8b 5424 | 704d 63c1 | 49c1 ea09 
  0x000001438b3b0f10: 49bb 0000 | 7ffd 4301 | 0000 4788 | 2413 49c1 | e002 4c8b | d944 8b54 | 2450 4589 | 5a14 4181 
  0x000001438b3b0f30: f900 0004 | 000f 872e | 0f00 0049 | 8b9f b801 | 0000 4d8b | d049 83c2 | 1749 83e2 | f84c 8bdb 
  0x000001438b3b0f50: 4d03 da4d | 3b9f c801 | 0000 0f83 | 090f 0000 | 4d89 9fb8 | 0100 0041 | 0f0d 8b00 | 0100 0048 
  0x000001438b3b0f70: c703 0100 | 0000 410f | 0d8b 4001 

  0x000001438b3b0f7c: ;   {metadata('java/security/cert/Certificate'[])}
  0x000001438b3b0f7c: 0000 c743 | 0820 2910 | 0044 894b | 0c41 0f0d | 8b80 0100 | 0048 83c1 | 1048 8bd3 | 4883 c210 
  0x000001438b3b0f9c: 4983 c007 | 49c1 e803 | 49ba 8074 | 6a8a 4301 | 0000 41ff 

  0x000001438b3b0fb0: ;   {other}
  0x000001438b3b0fb0: d20f 1f84 | 0000 0000 | 004c 8bd3 | 4889 6c24 | 404c 8b5c | 2420 4c89 | 5c24 2848 | 8b74 2458 
  0x000001438b3b0fd0: 4c8b 6c24 | 6048 8b5c | 2468 498b | fae9 1fec 

  0x000001438b3b0fe0: ;   {oop(""{0x0000000080001ac8})}
  0x000001438b3b0fe0: ffff 48be | c81a 0080 | 0000 0000 | e9f3 eeff | ff49 8b87 | b801 0000 | 4c8b d849 | 83c3 1849 
  0x000001438b3b1000: 8bca 4d3b | 9fc8 0100 | 000f 8393 | 0e00 004d | 899f b801 | 0000 410f | 0d8b 0001 | 0000 48c7 
  0x000001438b3b1020: 0001 0000 

  0x000001438b3b1024: ;   {metadata('java/util/ArrayList')}
  0x000001438b3b1024: 00c7 4008 | d089 0b00 | 4489 600c | 4489 6010 | 418b 580c 

  0x000001438b3b1038: ;   {oop(a 'java/lang/Object'[0] {0x00000000800005d8})}
  0x000001438b3b1038: c740 14d8 | 0500 804c | 8bc8 85db | 0f86 8d00 | 0000 4533 | dbeb 1090 | 4889 6c24 | 2848 8b4c 
  0x000001438b3b1058: 2438 4c8b | 4c24 4041 | 8b58 0c44 | 3bdb 0f83 | c40f 0000 | 478b 4498 | 1041 8b58 | 1044 8b43 
  0x000001438b3b1078: 1044 895c | 2434 4c89 | 4c24 4048 | 894c 2438 | 4489 5424 | 3048 8b6c | 2428 498b 

  0x000001438b3b1094: ;   {optimized virtual_call}
  0x000001438b3b1094: d166 90e8 

  0x000001438b3b1098: ; ImmutableOopMap {rbp=Oop [32]=Oop [48]=NarrowOop [56]=Oop [64]=Oop }
                      ;*invokevirtual addAll {reexecute=0 rethrow=0 return_oop=0}
                      ; - java.security.CodeSource::getCertificates@57
                      ; - java.lang.ClassLoader::postDefineClass@24
                      ; - java.lang.ClassLoader::defineClass@37
  0x000001438b3b1098: e4d6 30ff 

  0x000001438b3b109c: ;   {other}
  0x000001438b3b109c: 0f1f 8400 | 0c1e 001b | 4d8b 8f58 | 0400 0044 | 8b54 2430 | 458b 4210 | 448b 5c24 

  0x000001438b3b10b8: ; ImmutableOopMap {r10=NarrowOop r8=NarrowOop rbp=Oop [32]=Oop [56]=Oop [64]=Oop }
                      ;*goto {reexecute=1 rethrow=0 return_oop=0}
                      ; - (reexecute) java.security.CodeSource::getCertificates@64
                      ; - java.lang.ClassLoader::postDefineClass@24
                      ; - java.lang.ClassLoader::defineClass@37
  0x000001438b3b10b8: 3441 ffc3 

  0x000001438b3b10bc: ;   {poll}
  0x000001438b3b10bc: 4185 0141 | 8b48 0c44 | 3bd9 7c88 | 4889 6c24 | 2848 8b4c | 2438 4c8b | 4c24 4049 | 8b87 b801 
  0x000001438b3b10dc: 0000 4c8b | d849 83c3 | 104d 3b9f | c801 0000 | 0f83 f70d | 0000 4d89 | 9fb8 0100 | 0041 0f0d 
  0x000001438b3b10fc: 8b00 0100 | 0048 c700 | 0100 0000 | 410f 0d8b | 4001 0000 

  0x000001438b3b1110: ;   {metadata('java/security/cert/Certificate'[])}
  0x000001438b3b1110: c740 0820 | 2910 0041 | 0f0d 8b80 | 0100 0044 | 8960 0c44 | 8954 2430 | 488b e94c | 894c 2438 
  0x000001438b3b1130: 4c8b c048 | 8b54 2438 

  0x000001438b3b1138: ;   {optimized virtual_call}
  0x000001438b3b1138: 6666 90e8 

  0x000001438b3b113c: ; ImmutableOopMap {rbp=Oop [32]=Oop [40]=Oop [48]=NarrowOop }
                      ;*invokevirtual toArray {reexecute=0 rethrow=0 return_oop=1}
                      ; - java.security.CodeSource::getCertificates@73
                      ; - java.lang.ClassLoader::postDefineClass@24
                      ; - java.lang.ClassLoader::defineClass@37
  0x000001438b3b113c: 40d6 30ff 

  0x000001438b3b1140: ;   {other}
  0x000001438b3b1140: 0f1f 8400 | b01e 001d | 4c8b d044 

  0x000001438b3b114c: ;   {metadata('java/security/cert/Certificate'[])}
  0x000001438b3b114c: 8b58 0841 | 81fb 2029 | 1000 0f85 | 9410 0000 | 4c89 5424 | 4045 8b52 | 0c4c 8bdd | 4963 ea49 
  0x000001438b3b116c: c1eb 0949 | b800 007f | fd43 0100 | 0047 8824 | 1848 c1e5 | 024c 8b5c | 2440 448b | 4424 3045 
  0x000001438b3b118c: 8958 1441 | 81fa 0000 | 0400 0f87 | 790d 0000 | 498b 9fb8 | 0100 004c | 8bdd 4983 | c317 4983 
  0x000001438b3b11ac: e3f8 4c8b | c34d 03c3 | 4d3b 87c8 | 0100 000f | 8354 0d00 | 004d 8987 | b801 0000 | 410f 0d88 
  0x000001438b3b11cc: 0001 0000 | 48c7 0301 | 0000 0041 | 0f0d 8840 

  0x000001438b3b11dc: ;   {metadata('java/security/cert/Certificate'[])}
  0x000001438b3b11dc: 0100 00c7 | 4308 2029 | 1000 4489 | 530c 410f | 0d88 8001 | 0000 488b | 4c24 4048 | 83c1 1048 
  0x000001438b3b11fc: 8bd3 4883 | c210 4883 | c507 48c1 | ed03 4c8b | c549 ba80 | 746a 8a43 | 0100 0041 

  0x000001438b3b1218: ;   {other}
  0x000001438b3b1218: ffd2 0f1f | 8400 0000 | 0000 e9f3 | f2ff ff44 | 8954 246c | 8954 2468 | 4489 4424 | 6444 8b54 
  0x000001438b3b1238: 2450 4489 | 5424 604c | 8b54 2448 | 4c89 5424 | 584c 896c | 2450 4889 | 7424 484c | 8b54 2440 
  0x000001438b3b1258: 4c89 5424 

  0x000001438b3b125c: ;   {metadata('java/lang/String')}
  0x000001438b3b125c: 2048 ba78 | e800 9743 

  0x000001438b3b1264: ;   {runtime_call _new_instance_Java}
  0x000001438b3b1264: 0100 00e8 

  0x000001438b3b1268: ; ImmutableOopMap {rbp=Oop [32]=Oop [40]=Oop [48]=Oop [72]=Oop [80]=Oop [88]=Oop [96]=NarrowOop [100]=NarrowOop }
                      ;*new {reexecute=0 rethrow=0 return_oop=1}
                      ; - java.lang.StringLatin1::newString@7
                      ; - java.lang.String::substring@41
                      ; - java.lang.ClassLoader::checkCerts@21
                      ; - java.lang.ClassLoader::preDefineClass@113
                      ; - java.lang.ClassLoader::defineClass@4
  0x000001438b3b1268: 9412 3cff 

  0x000001438b3b126c: ;   {other}
  0x000001438b3b126c: 0f1f 8400 | dc1f 001e | 4c8b 5424 | 204c 8954 | 2440 488b | 7424 484c | 8b6c 2450 | 4c8b 5424 
  0x000001438b3b128c: 584c 8954 | 2448 448b | 4424 6044 | 8944 2450 | 448b 4424 | 648b 5424 | 6844 8b54 | 246c 488b 
  0x000001438b3b12ac: d8e9 25e8 | ffff 498b 

  0x000001438b3b12b4: ;   {optimized virtual_call}
  0x000001438b3b12b4: d066 90e8 

  0x000001438b3b12b8: ; ImmutableOopMap {rbp=NarrowOop [32]=Oop [40]=Oop [48]=Oop [64]=Oop }
                      ;*invokevirtual length {reexecute=0 rethrow=0 return_oop=0}
                      ; - java.lang.String::indexOf@30
                      ; - java.lang.String::indexOf@3
                      ; - java.lang.ClassLoader::checkName@16
                      ; - java.lang.ClassLoader::preDefineClass@1
                      ; - java.lang.ClassLoader::defineClass@4
  0x000001438b3b12b8: c4d4 30ff 

  0x000001438b3b12bc: ;   {other}
  0x000001438b3b12bc: 0f1f 8400 | 2c20 001f | 488b d541 | b82f 0000 | 0045 33c9 | 8bf8 488b 

  0x000001438b3b12d4: ;   {static_call}
  0x000001438b3b12d4: 6c24 28e8 

  0x000001438b3b12d8: ; ImmutableOopMap {rbp=Oop [32]=Oop [40]=Oop [48]=Oop [64]=Oop }
                      ;*invokestatic indexOf {reexecute=0 rethrow=0 return_oop=0}
                      ; - java.lang.String::indexOf@33
                      ; - java.lang.String::indexOf@3
                      ; - java.lang.ClassLoader::checkName@16
                      ; - java.lang.ClassLoader::preDefineClass@1
                      ; - java.lang.ClassLoader::defineClass@4
  0x000001438b3b12d8: a4da 30ff 

  0x000001438b3b12dc: ;   {other}
  0x000001438b3b12dc: 0f1f 8400 | 4c20 0020 | 8bd8 e9ef | e5ff ff4c | 8b4c 2430 | 41c6 4111 | 0133 c08b | 4c24 3844 
  0x000001438b3b12fc: 8b44 243c | e93a ecff | ff44 8944 | 243c 894c | 2438 4c89 

  0x000001438b3b1310: ;   {static_call}
  0x000001438b3b1310: 4c24 30e8 

  0x000001438b3b1314: ; ImmutableOopMap {rbp=Oop [32]=Oop [40]=Oop [48]=Oop [56]=NarrowOop [60]=NarrowOop [72]=Oop }
                      ;*invokestatic hashCode {reexecute=0 rethrow=0 return_oop=0}
                      ; - java.lang.String::hashCode@37
                      ; - java.util.concurrent.ConcurrentHashMap::get@1
                      ; - java.lang.ClassLoader::getNamedPackage@5
                      ; - java.lang.ClassLoader::postDefineClass@9
                      ; - java.lang.ClassLoader::defineClass@37
  0x000001438b3b1314: 68da 30ff 

  0x000001438b3b1318: ;   {other}
  0x000001438b3b1318: 0f1f 8400 | 8820 0021 | e907 f0ff | ff4c 8984 | 2480 0000 | 004c 894c | 2478 4c89 | 5c24 7048 
  0x000001438b3b1338: 895c 2468 | 4489 5424 | 6444 8b54 | 2450 4489 | 5424 604c | 8b54 2448 | 4c89 5424 | 584c 896c 
  0x000001438b3b1358: 2450 4889 | 7424 484c | 8b54 2440 | 4c89 5424 

  0x000001438b3b1368: ;   {metadata({type array byte})}
  0x000001438b3b1368: 2048 ba18 | 2300 9743 | 0100 0044 | 8b44 2464 

  0x000001438b3b1378: ;   {runtime_call _new_array_nozero_Java}
  0x000001438b3b1378: 6666 90e8 

  0x000001438b3b137c: ; ImmutableOopMap {[32]=Oop [40]=Oop [48]=Oop [72]=Oop [80]=Oop [88]=Oop [96]=NarrowOop [104]=Oop [144]=Oop [112]=Derived_oop_[144] }
                      ;*newarray {reexecute=0 rethrow=0 return_oop=1}
                      ; - java.util.Arrays::copyOfRangeByte@10
                      ; - java.util.Arrays::copyOfRange@13
                      ; - java.lang.StringLatin1::newString@16
                      ; - java.lang.String::substring@41
                      ; - java.lang.ClassLoader::checkCerts@21
                      ; - java.lang.ClassLoader::preDefineClass@113
                      ; - java.lang.ClassLoader::defineClass@4
  0x000001438b3b137c: 000b 3cff 

  0x000001438b3b1380: ;   {other}
  0x000001438b3b1380: 0f1f 8400 | f020 0022 | 4c8b 5424 | 204c 8954 | 2440 488b | 7424 484c | 8b6c 2450 | 4c8b 5424 
  0x000001438b3b13a0: 584c 8954 | 2448 448b | 5c24 6044 | 895c 2450 | 448b 5424 | 6448 8b5c | 2468 4c8b | 5c24 704c 
  0x000001438b3b13c0: 8b4c 2478 | 4c8b 8424 | 8000 0000 | 4c8b f0e9 | a3e7 ffff | 4489 4c24 | 4089 5c24 | 3c89 7c24 
  0x000001438b3b13e0: 3848 ff74 | 2420 488f | 4424 304c | 8b54 2448 | 4c89 5424 | 2048 8b6c 

  0x000001438b3b13f8: ;   {metadata('java/lang/String')}
  0x000001438b3b13f8: 2428 48ba | 78e8 0097 | 4301 0000 

  0x000001438b3b1404: ;   {runtime_call _new_instance_Java}
  0x000001438b3b1404: 6666 90e8 

  0x000001438b3b1408: ; ImmutableOopMap {rbp=Oop [32]=Oop [48]=Oop [56]=NarrowOop [136]=Oop }
                      ;*new {reexecute=0 rethrow=0 return_oop=1}
                      ; - java.lang.StringLatin1::newString@7
                      ; - java.lang.String::substring@41
                      ; - java.lang.Class::getPackageName@62
                      ; - java.lang.ClassLoader::postDefineClass@2
                      ; - java.lang.ClassLoader::defineClass@37
  0x000001438b3b1408: f410 3cff 

  0x000001438b3b140c: ;   {other}
  0x000001438b3b140c: 0f1f 8400 | 7c21 0023 | 4889 6c24 | 284c 8b5c | 2420 4c89 | 5c24 4848 | ff74 2430 | 488f 4424 
  0x000001438b3b142c: 208b 7c24 | 388b 5c24 | 3c44 8b4c | 2440 488b | f0e9 a9e9 | ffff 4889 | 7c24 684c | 895c 2460 
  0x000001438b3b144c: 4c89 5424 | 5848 8974 | 2450 4489 | 4c24 404c | 8b54 2420 | 4c89 5424 | 384c 8b54 | 2448 4c89 
  0x000001438b3b146c: 5424 304c | 8b54 2428 | 4c89 5424 

  0x000001438b3b1478: ;   {metadata({type array byte})}
  0x000001438b3b1478: 2048 ba18 | 2300 9743 | 0100 0045 | 8bc1 4c8b | 5424 384c | 8954 2428 

  0x000001438b3b1490: ;   {runtime_call _new_array_nozero_Java}
  0x000001438b3b1490: 6666 90e8 

  0x000001438b3b1494: ; ImmutableOopMap {[32]=Oop [40]=Oop [48]=Oop [56]=Oop [80]=Oop [136]=Oop [88]=Derived_oop_[136] }
                      ;*newarray {reexecute=0 rethrow=0 return_oop=1}
                      ; - java.util.Arrays::copyOfRangeByte@10
                      ; - java.util.Arrays::copyOfRange@13
                      ; - java.lang.StringLatin1::newString@16
                      ; - java.lang.String::substring@41
                      ; - java.lang.Class::getPackageName@62
                      ; - java.lang.ClassLoader::postDefineClass@2
                      ; - java.lang.ClassLoader::defineClass@37
  0x000001438b3b1494: e809 3cff 

  0x000001438b3b1498: ;   {other}
  0x000001438b3b1498: 0f1f 8400 | 0822 0024 | 4c8b 5424 | 204c 8954 | 2428 4c8b | 5424 304c | 8954 2448 | 4c8b 5424 
  0x000001438b3b14b8: 384c 8954 | 2420 448b | 4c24 4048 | 8b74 2450 | 4c8b 5424 | 584c 8b5c | 2460 488b | 7c24 6848 
  0x000001438b3b14d8: 8bd8 e9a6 | e9ff ffba | e4ff ffff | 4489 5424 | 2044 8b5c | 2438 4489 | 5c24 2444 | 8b54 243c 
  0x000001438b3b14f8: 4489 5424 | 3848 8974 | 2458 4c89 | 6c24 6044 | 8b5c 2450 | 4489 5c24 | 3c44 8944 

  0x000001438b3b1514: ;   {runtime_call UncommonTrapBlob}
  0x000001438b3b1514: 2454 90e8 

  0x000001438b3b1518: ; ImmutableOopMap {[40]=Oop [48]=Oop [60]=NarrowOop [64]=Oop [72]=Oop [84]=NarrowOop [88]=Oop [96]=Oop }
                      ;*baload {reexecute=0 rethrow=0 return_oop=0}
                      ; - java.lang.StringLatin1::lastIndexOf@24
                      ; - java.lang.String::lastIndexOf@13
                      ; - java.lang.String::lastIndexOf@8
                      ; - java.lang.ClassLoader::checkCerts@3
                      ; - java.lang.ClassLoader::preDefineClass@113
                      ; - java.lang.ClassLoader::defineClass@4
  0x000001438b3b1518: e424 31ff 

  0x000001438b3b151c: ;   {other}
  0x000001438b3b151c: 0f1f 8400 | 8c22 0025 | 4489 4424 | 384c 894c 

  0x000001438b3b152c: ;   {metadata('java/lang/NamedPackage')}
  0x000001438b3b152c: 2430 48ba | e8c0 0197 | 4301 0000 

  0x000001438b3b1538: ;   {runtime_call _new_instance_Java}
  0x000001438b3b1538: 6666 90e8 

  0x000001438b3b153c: ; ImmutableOopMap {[32]=Oop [40]=Oop [48]=Oop [56]=NarrowOop [72]=Oop }
                      ;*new {reexecute=0 rethrow=0 return_oop=1}
                      ; - java.lang.ClassLoader::getNamedPackage@16
                      ; - java.lang.ClassLoader::postDefineClass@9
                      ; - java.lang.ClassLoader::defineClass@37
  0x000001438b3b153c: c00f 3cff 

  0x000001438b3b1540: ;   {other}
  0x000001438b3b1540: 0f1f 8400 | b022 0026 | e95c ebff 

  0x000001438b3b154c: ;   {metadata('java/lang/StringBuilder')}
  0x000001438b3b154c: ff48 ba40 | 8000 9743 

  0x000001438b3b1554: ;   {runtime_call _new_instance_Java}
  0x000001438b3b1554: 0100 00e8 

  0x000001438b3b1558: ; ImmutableOopMap {[32]=Oop [40]=Oop [48]=Oop [56]=NarrowOop [64]=Oop [72]=Oop [80]=Oop [104]=Oop }
                      ;*new {reexecute=0 rethrow=0 return_oop=1}
                      ; - java.lang.NamedPackage::<init>@22
                      ; - java.lang.ClassLoader::getNamedPackage@22
                      ; - java.lang.ClassLoader::postDefineClass@9
                      ; - java.lang.ClassLoader::defineClass@37
  0x000001438b3b1558: a40f 3cff 

  0x000001438b3b155c: ;   {other}
  0x000001438b3b155c: 0f1f 8400 | cc22 0027 | e918 ecff 

  0x000001438b3b1568: ;   {metadata('java/lang/InternalError')}
  0x000001438b3b1568: ff48 ba38 | 0701 9743 

  0x000001438b3b1570: ;   {runtime_call _new_instance_Java}
  0x000001438b3b1570: 0100 00e8 

  0x000001438b3b1574: ; ImmutableOopMap {[32]=Oop [40]=Oop [48]=Oop [56]=NarrowOop [64]=Oop [72]=Oop [80]=Oop }
                      ;*new {reexecute=0 rethrow=0 return_oop=1}
                      ; - java.lang.NamedPackage::<init>@18
                      ; - java.lang.ClassLoader::getNamedPackage@22
                      ; - java.lang.ClassLoader::postDefineClass@9
                      ; - java.lang.ClassLoader::defineClass@37
  0x000001438b3b1574: 880f 3cff 

  0x000001438b3b1578: ;   {other}
  0x000001438b3b1578: 0f1f 8400 | e822 0028 | e9b7 ebff | ff4c 894c | 2470 4489 | 5424 6848 | 895c 2460 | 4c8b 5424 
  0x000001438b3b1598: 484c 8954 | 2458 4c89 | 6c24 5048 | 8974 2448 | 4c8b 5424 | 404c 8954 | 2420 48ba | 0000 0097 
  0x000001438b3b15b8: 4301 0000 | 4903 d045 

  0x000001438b3b15c0: ;   {runtime_call _new_array_Java}
  0x000001438b3b15c0: 8bc3 90e8 

  0x000001438b3b15c4: ; ImmutableOopMap {rbp=Oop [32]=Oop [40]=Oop [48]=Oop [72]=Oop [80]=Oop [88]=Oop [96]=Oop [104]=NarrowOop }
                      ;*invokevirtual clone {reexecute=1 rethrow=0 return_oop=1}
                      ; - (reexecute) java.security.CodeSource::getCertificates@11
                      ; - java.lang.ClassLoader::checkCerts@34
                      ; - java.lang.ClassLoader::preDefineClass@113
                      ; - java.lang.ClassLoader::defineClass@4
  0x000001438b3b15c4: 380c 3cff 

  0x000001438b3b15c8: ;   {other}
  0x000001438b3b15c8: 0f1f 8400 | 3823 0029 | 4c8b 5424 | 204c 8954 | 2440 488b | 7424 484c | 8b6c 2450 | 4c8b 5424 
  0x000001438b3b15e8: 584c 8954 | 2448 488b | 5c24 6044 | 8b54 2468 | 4c8b 4c24 | 7048 8bf8 | e9b5 edff | ff4c 8954 
  0x000001438b3b1608: 2478 4c89 | 5c24 7048 | 895c 2468 | 448b da44 | 8944 2464 | 448b 5424 | 5044 8954 | 2460 4c8b 
  0x000001438b3b1628: 5424 484c | 8954 2458 | 4c89 6c24 | 5048 8974 | 2448 4c8b | 5424 404c | 8954 2420 

  0x000001438b3b1644: ;   {metadata({type array byte})}
  0x000001438b3b1644: 48ba 1823 | 0097 4301 | 0000 458b 

  0x000001438b3b1650: ;   {runtime_call _new_array_nozero_Java}
  0x000001438b3b1650: c366 90e8 

  0x000001438b3b1654: ; ImmutableOopMap {rbp=Oop [112]=Derived_oop_rbp [32]=Oop [40]=Oop [48]=Oop [72]=Oop [80]=Oop [88]=Oop [96]=NarrowOop [100]=NarrowOop [104]=Oop }
                      ;*invokevirtual clone {reexecute=1 rethrow=0 return_oop=1}
                      ; - (reexecute) java.util.Arrays::copyOfRange@18
                      ; - java.lang.StringLatin1::newString@16
                      ; - java.lang.String::substring@41
                      ; - java.lang.ClassLoader::checkCerts@21
                      ; - java.lang.ClassLoader::preDefineClass@113
                      ; - java.lang.ClassLoader::defineClass@4
  0x000001438b3b1654: 2808 3cff 

  0x000001438b3b1658: ;   {other}
  0x000001438b3b1658: 0f1f 8400 | c823 002a | 4c8b 5424 | 204c 8954 | 2440 488b | 7424 484c | 8b6c 2450 | 4c8b 5424 
  0x000001438b3b1678: 584c 8954 | 2448 448b | 5424 6044 | 8954 2450 | 488b 5c24 | 684c 8b5c | 2470 4c8b | 5424 7848 
  0x000001438b3b1698: 8bf8 e9ac | edff ff48 | 897c 2440 | 894c 2438 | 48ff 7424 | 2048 8f44 | 2430 4c8b | 5c24 284c 
  0x000001438b3b16b8: 895c 2420 | 48ba 0000 | 0097 4301 | 0000 4903 | d045 8bc1 

  0x000001438b3b16cc: ;   {runtime_call _new_array_Java}
  0x000001438b3b16cc: 6666 90e8 

  0x000001438b3b16d0: ; ImmutableOopMap {rbp=Oop [32]=Oop [48]=Oop [56]=NarrowOop }
                      ;*invokevirtual clone {reexecute=1 rethrow=0 return_oop=1}
                      ; - (reexecute) java.security.CodeSource::getCertificates@11
                      ; - java.lang.ClassLoader::postDefineClass@24
                      ; - java.lang.ClassLoader::defineClass@37
  0x000001438b3b16d0: 2c0b 3cff 

  0x000001438b3b16d4: ;   {other}
  0x000001438b3b16d4: 0f1f 8400 | 4424 002b | 48ff 7424 | 3048 8f44 | 2420 8b4c | 2438 488b | 7c24 4048 | 8bd8 e9f8 
  0x000001438b3b16f4: edff ffba | e4ff ffff | 488b 6c24 | 204c 8b54 | 2448 4c89 | 5424 384c | 8944 2448 | 897c 2458 
  0x000001438b3b1714: 4489 4c24 

  0x000001438b3b1718: ;   {runtime_call UncommonTrapBlob}
  0x000001438b3b1718: 5c66 90e8 

  0x000001438b3b171c: ; ImmutableOopMap {rbp=Oop [40]=Oop [56]=Oop [72]=Oop [88]=NarrowOop }
                      ;*baload {reexecute=0 rethrow=0 return_oop=0}
                      ; - java.lang.StringLatin1::lastIndexOf@24
                      ; - java.lang.String::lastIndexOf@13
                      ; - java.lang.String::lastIndexOf@8
                      ; - java.lang.Class::getPackageName@47
                      ; - java.lang.ClassLoader::postDefineClass@2
                      ; - java.lang.ClassLoader::defineClass@37
  0x000001438b3b171c: e022 31ff 

  0x000001438b3b1720: ;   {other}
  0x000001438b3b1720: 0f1f 8400 | 9024 002c | 4c89 4c24 | 584c 8954 | 2450 4889 | 7424 4089 | 7c24 3848 | ff74 2420 
  0x000001438b3b1740: 488f 4424 | 304c 8b54 | 2448 4c89 | 5424 2048 | 8b6c 2428 

  0x000001438b3b1754: ;   {metadata({type array byte})}
  0x000001438b3b1754: 48ba 1823 | 0097 4301 | 0000 448b 

  0x000001438b3b1760: ;   {runtime_call _new_array_nozero_Java}
  0x000001438b3b1760: c366 90e8 

  0x000001438b3b1764: ; ImmutableOopMap {rbp=Oop [32]=Oop [48]=Oop [56]=NarrowOop [64]=Oop [136]=Oop [80]=Derived_oop_[136] }
                      ;*invokevirtual clone {reexecute=1 rethrow=0 return_oop=1}
                      ; - (reexecute) java.util.Arrays::copyOfRange@18
                      ; - java.lang.StringLatin1::newString@16
                      ; - java.lang.String::substring@41
                      ; - java.lang.Class::getPackageName@62
                      ; - java.lang.ClassLoader::postDefineClass@2
                      ; - java.lang.ClassLoader::defineClass@37
  0x000001438b3b1764: 1807 3cff 

  0x000001438b3b1768: ;   {other}
  0x000001438b3b1768: 0f1f 8400 | d824 002d | 4889 6c24 | 284c 8b54 | 2420 4c89 | 5424 4848 | ff74 2430 | 488f 4424 
  0x000001438b3b1788: 2048 8b74 | 2440 4c8b | 5424 504c | 8b4c 2458 | 488b e8e9 | 23f3 ffff | baf6 ffff | ff48 8be8 
  0x000001438b3b17a8: ;   {runtime_call UncommonTrapBlob}
  0x000001438b3b17a8: 6666 90e8 

  0x000001438b3b17ac: ; ImmutableOopMap {rbp=Oop }
                      ;*invokevirtual get {reexecute=0 rethrow=0 return_oop=0}
                      ; - java.lang.ClassLoader::getNamedPackage@5
                      ; - java.lang.ClassLoader::postDefineClass@9
                      ; - java.lang.ClassLoader::defineClass@37
  0x000001438b3b17ac: 5022 31ff 

  0x000001438b3b17b0: ;   {other}
  0x000001438b3b17b0: 0f1f 8400 | 2025 002e | ba45 ffff | ff48 8b6c 

  0x000001438b3b17c0: ;   {runtime_call UncommonTrapBlob}
  0x000001438b3b17c0: 2428 90e8 

  0x000001438b3b17c4: ; ImmutableOopMap {rbp=Oop [32]=Oop [48]=Oop [64]=Oop }
                      ;*ifeq {reexecute=1 rethrow=0 return_oop=0}
                      ; - (reexecute) java.lang.ClassLoader::checkName@8
                      ; - java.lang.ClassLoader::preDefineClass@1
                      ; - java.lang.ClassLoader::defineClass@4
  0x000001438b3b17c4: 3822 31ff 

  0x000001438b3b17c8: ;   {other}
  0x000001438b3b17c8: 0f1f 8400 | 3825 002f | bace ffff | ff44 8944 

  0x000001438b3b17d8: ;   {runtime_call UncommonTrapBlob}
  0x000001438b3b17d8: 2460 90e8 

  0x000001438b3b17dc: ; ImmutableOopMap {rbp=NarrowOop [32]=Oop [40]=Oop [48]=Oop [64]=Oop }
                      ;*invokestatic indexOfChar {reexecute=0 rethrow=0 return_oop=0}
                      ; - java.lang.StringLatin1::indexOf@33
                      ; - java.lang.String::indexOf@17
                      ; - java.lang.String::indexOf@3
                      ; - java.lang.ClassLoader::checkName@16
                      ; - java.lang.ClassLoader::preDefineClass@1
                      ; - java.lang.ClassLoader::defineClass@4
  0x000001438b3b17dc: 2022 31ff 

  0x000001438b3b17e0: ;   {other}
  0x000001438b3b17e0: 0f1f 8400 | 5025 0030 | baf6 ffff | ff48 8beb | 4889 7c24 

  0x000001438b3b17f4: ;   {runtime_call UncommonTrapBlob}
  0x000001438b3b17f4: 2066 90e8 

  0x000001438b3b17f8: ; ImmutableOopMap {rbp=Oop [32]=Oop }
                      ;*invokevirtual putIfAbsent {reexecute=0 rethrow=0 return_oop=0}
                      ; - java.lang.ClassLoader::checkCerts@62
                      ; - java.lang.ClassLoader::preDefineClass@113
                      ; - java.lang.ClassLoader::defineClass@4
  0x000001438b3b17f8: 0422 31ff 

  0x000001438b3b17fc: ;   {other}
  0x000001438b3b17fc: 0f1f 8400 | 6c25 0031 | bae4 ffff | ff44 8954 

  0x000001438b3b180c: ;   {runtime_call UncommonTrapBlob}
  0x000001438b3b180c: 2458 90e8 

  0x000001438b3b1810: ; ImmutableOopMap {[32]=Oop [40]=Oop [48]=Oop [64]=Oop [88]=NarrowOop }
                      ;*invokestatic checkIndex {reexecute=0 rethrow=0 return_oop=0}
                      ; - java.lang.String::checkIndex@5
                      ; - java.lang.StringLatin1::charAt@3
                      ; - java.lang.String::charAt@12
                      ; - java.lang.ClassLoader::checkName@25
                      ; - java.lang.ClassLoader::preDefineClass@1
                      ; - java.lang.ClassLoader::defineClass@4
  0x000001438b3b1810: ec21 31ff 

  0x000001438b3b1814: ;   {other}
  0x000001438b3b1814: 0f1f 8400 | 8425 0032 | bae4 ffff 

  0x000001438b3b1820: ;   {runtime_call UncommonTrapBlob}
  0x000001438b3b1820: ff66 90e8 

  0x000001438b3b1824: ; ImmutableOopMap {rbp=NarrowOop [32]=Oop [40]=Oop [48]=Oop [64]=Oop }
                      ;*baload {reexecute=0 rethrow=0 return_oop=0}
                      ; - jdk.internal.util.ArraysSupport::mismatch@82
                      ; - java.lang.String::startsWith@70
                      ; - java.lang.String::startsWith@3
                      ; - java.lang.ClassLoader::preDefineClass@43
                      ; - java.lang.ClassLoader::defineClass@4
  0x000001438b3b1824: d821 31ff 

  0x000001438b3b1828: ;   {other}
  0x000001438b3b1828: 0f1f 8400 | 9825 0033 | 4d63 cae9 | bce2 ffff | 4983 c1fe | 498b c948 | 8bfa 4833 | c048 83f9 
  0x000001438b3b1848: 087f 1048 | ffc9 7812 | 4889 04cf | 48ff c97d | f7eb 0748 | c1e1 03f3 | 48aa e94c | e3ff ffba 
  0x000001438b3b1868: ccff ffff | 4489 5424 | 2044 8b5c | 2438 4489 | 5c24 2444 | 8b54 243c | 4489 5424 | 3848 8974 
  0x000001438b3b1888: 2458 4c89 | 6c24 6044 | 8b54 2450 | 4489 5424 | 3c48 895c | 2468 4489 

  0x000001438b3b18a0: ;   {runtime_call UncommonTrapBlob}
  0x000001438b3b18a0: 4424 70e8 

  0x000001438b3b18a4: ; ImmutableOopMap {[40]=Oop [48]=Oop [60]=NarrowOop [64]=Oop [72]=Oop [88]=Oop [96]=Oop [104]=Oop [112]=NarrowOop }
                      ;*newarray {reexecute=1 rethrow=0 return_oop=0}
                      ; - (reexecute) java.util.Arrays::copyOfRangeByte@10
                      ; - java.util.Arrays::copyOfRange@13
                      ; - java.lang.StringLatin1::newString@16
                      ; - java.lang.String::substring@41
                      ; - java.lang.ClassLoader::checkCerts@21
                      ; - java.lang.ClassLoader::preDefineClass@113
                      ; - java.lang.ClassLoader::defineClass@4
  0x000001438b3b18a4: 5821 31ff 

  0x000001438b3b18a8: ;   {other}
  0x000001438b3b18a8: 0f1f 8400 | 1826 0034 | bade ffff 

  0x000001438b3b18b4: ;   {runtime_call UncommonTrapBlob}
  0x000001438b3b18b4: ff66 90e8 

  0x000001438b3b18b8: ; ImmutableOopMap {rbp=NarrowOop }
                      ;*checkcast {reexecute=0 rethrow=0 return_oop=0}
                      ; - java.lang.ClassLoader::getNamedPackage@8
                      ; - java.lang.ClassLoader::postDefineClass@9
                      ; - java.lang.ClassLoader::defineClass@37
  0x000001438b3b18b8: 4421 31ff 

  0x000001438b3b18bc: ;   {other}
  0x000001438b3b18bc: 0f1f 8400 | 2c26 0035 | ba45 ffff | ff48 8b6c | 2428 895c 

  0x000001438b3b18d0: ;   {runtime_call UncommonTrapBlob}
  0x000001438b3b18d0: 2450 90e8 

  0x000001438b3b18d4: ; ImmutableOopMap {rbp=Oop [32]=Oop [48]=Oop [64]=Oop }
                      ;*if_icmpne {reexecute=1 rethrow=0 return_oop=0}
                      ; - (reexecute) java.lang.ClassLoader::checkName@20
                      ; - java.lang.ClassLoader::preDefineClass@1
                      ; - java.lang.ClassLoader::defineClass@4
  0x000001438b3b18d4: 2821 31ff 

  0x000001438b3b18d8: ;   {other}
  0x000001438b3b18d8: 0f1f 8400 | 4826 0036 | 33ed 85c9 | 400f 94c5 | ba45 ffff | ff4c 8b54 | 2428 4c89 | 5424 204c 
  0x000001438b3b18f8: 8b54 2440 | 4c89 5424 | 284c 8b54 | 2448 4c89 | 5424 4048 | 8974 2448 | 4c89 6c24 | 6044 895c 
  0x000001438b3b1918: ;   {runtime_call UncommonTrapBlob}
  0x000001438b3b1918: 2454 90e8 

  0x000001438b3b191c: ; ImmutableOopMap {[32]=Oop [40]=Oop [48]=Oop [64]=Oop [72]=Oop [80]=NarrowOop [96]=Oop }
                      ;*ifeq {reexecute=1 rethrow=0 return_oop=0}
                      ; - (reexecute) java.lang.String::lastIndexOf@4
                      ; - java.lang.String::lastIndexOf@8
                      ; - java.lang.ClassLoader::checkCerts@3
                      ; - java.lang.ClassLoader::preDefineClass@113
                      ; - java.lang.ClassLoader::defineClass@4
  0x000001438b3b191c: e020 31ff 

  0x000001438b3b1920: ;   {other}
  0x000001438b3b1920: 0f1f 8400 | 9026 0037 | ba45 ffff | ff44 8954 | 2420 4489 | 5424 2448 | 8974 2458 | 4c89 6c24 
  0x000001438b3b1940: 6844 894c 

  0x000001438b3b1944: ;   {runtime_call UncommonTrapBlob}
  0x000001438b3b1944: 2470 90e8 

  0x000001438b3b1948: ; ImmutableOopMap {[40]=Oop [48]=Oop [64]=Oop [72]=Oop [80]=NarrowOop [88]=Oop [104]=Oop }
                      ;*if_icmpgt {reexecute=1 rethrow=0 return_oop=0}
                      ; - (reexecute) jdk.internal.util.Preconditions::checkFromToIndex@6
                      ; - java.lang.String::checkBoundsBeginEnd@6
                      ; - java.lang.String::substring@8
                      ; - java.lang.ClassLoader::checkCerts@21
                      ; - java.lang.ClassLoader::preDefineClass@113
                      ; - java.lang.ClassLoader::defineClass@4
  0x000001438b3b1948: b420 31ff 

  0x000001438b3b194c: ;   {other}
  0x000001438b3b194c: 0f1f 8400 | bc26 0038 | ba45 ffff | ff4c 8b54 | 2448 4c89 | 5424 384c | 894c 2440 | 4489 4424 
  0x000001438b3b196c: 4844 895c 

  0x000001438b3b1970: ;   {runtime_call UncommonTrapBlob}
  0x000001438b3b1970: 244c 90e8 

  0x000001438b3b1974: ; ImmutableOopMap {[32]=Oop [40]=Oop [56]=Oop [64]=Oop [72]=NarrowOop }
                      ;*ifle {reexecute=1 rethrow=0 return_oop=0}
                      ; - (reexecute) java.util.concurrent.ConcurrentHashMap::get@23
                      ; - java.lang.ClassLoader::getNamedPackage@5
                      ; - java.lang.ClassLoader::postDefineClass@9
                      ; - java.lang.ClassLoader::defineClass@37
  0x000001438b3b1974: 8820 31ff 

  0x000001438b3b1978: ;   {other}
  0x000001438b3b1978: 0f1f 8400 | e826 0039 | ba45 ffff | ff48 8b6c | 2428 4489 

  0x000001438b3b198c: ;   {runtime_call UncommonTrapBlob}
  0x000001438b3b198c: 5c24 50e8 

  0x000001438b3b1990: ; ImmutableOopMap {rbp=Oop [32]=Oop [48]=Oop [64]=Oop }
                      ;*if_icmpne {reexecute=1 rethrow=0 return_oop=0}
                      ; - (reexecute) java.lang.ClassLoader::checkName@30
                      ; - java.lang.ClassLoader::preDefineClass@1
                      ; - java.lang.ClassLoader::defineClass@4
  0x000001438b3b1990: 6c20 31ff 

  0x000001438b3b1994: ;   {other}
  0x000001438b3b1994: 0f1f 8400 | 0427 003a | ba45 ffff | ff41 8bea | 4c8b 5424 | 284c 8954 | 2420 4c8b | 5424 404c 
  0x000001438b3b19b4: 8954 2428 | 4c8b 5424 | 484c 8954 | 2440 4889 | 7424 484c | 896c 2458 

  0x000001438b3b19cc: ;   {runtime_call UncommonTrapBlob}
  0x000001438b3b19cc: 6666 90e8 

  0x000001438b3b19d0: ; ImmutableOopMap {[32]=Oop [40]=Oop [48]=Oop [64]=Oop [72]=Oop [80]=NarrowOop [88]=Oop }
                      ;*if_icmpne {reexecute=1 rethrow=0 return_oop=0}
                      ; - (reexecute) java.lang.ClassLoader::checkCerts@9
                      ; - java.lang.ClassLoader::preDefineClass@113
                      ; - java.lang.ClassLoader::defineClass@4
  0x000001438b3b19d0: 2c20 31ff 

  0x000001438b3b19d4: ;   {other}
  0x000001438b3b19d4: 0f1f 8400 | 4427 003b | ba45 ffff | ff44 8954 | 2420 4489 | 5424 2448 | 8974 2458 | 4c89 6c24 
  0x000001438b3b19f4: 6844 894c | 2470 4489 

  0x000001438b3b19fc: ;   {runtime_call UncommonTrapBlob}
  0x000001438b3b19fc: 4c24 74e8 

  0x000001438b3b1a00: ; ImmutableOopMap {[40]=Oop [48]=Oop [64]=Oop [72]=Oop [80]=NarrowOop [88]=Oop [104]=Oop }
                      ;*if_icmple {reexecute=1 rethrow=0 return_oop=0}
                      ; - (reexecute) jdk.internal.util.Preconditions::checkFromToIndex@11
                      ; - java.lang.String::checkBoundsBeginEnd@6
                      ; - java.lang.String::substring@8
                      ; - java.lang.ClassLoader::checkCerts@21
                      ; - java.lang.ClassLoader::preDefineClass@113
                      ; - java.lang.ClassLoader::defineClass@4
  0x000001438b3b1a00: fc1f 31ff 

  0x000001438b3b1a04: ;   {other}
  0x000001438b3b1a04: 0f1f 8400 | 7427 003c | ba45 ffff | ff48 8944 

  0x000001438b3b1a14: ;   {runtime_call UncommonTrapBlob}
  0x000001438b3b1a14: 2440 90e8 

  0x000001438b3b1a18: ; ImmutableOopMap {[32]=Oop [40]=Oop [64]=Oop [72]=Oop }
                      ;*ifeq {reexecute=1 rethrow=0 return_oop=0}
                      ; - (reexecute) java.lang.Class::getPackageName@13
                      ; - java.lang.ClassLoader::postDefineClass@2
                      ; - java.lang.ClassLoader::defineClass@37
  0x000001438b3b1a18: e41f 31ff 

  0x000001438b3b1a1c: ;   {other}
  0x000001438b3b1a1c: 0f1f 8400 | 8c27 003d | ba45 ffff | ff48 8b6c | 2428 4c8b | 5424 404c | 8954 2428 | 4c8b 5424 
  0x000001438b3b1a3c: 484c 8954 | 2440 4489 

  0x000001438b3b1a44: ;   {runtime_call UncommonTrapBlob}
  0x000001438b3b1a44: 5c24 48e8 

  0x000001438b3b1a48: ; ImmutableOopMap {rbp=Oop [32]=Oop [40]=Oop [48]=Oop [64]=Oop }
                      ;*ifne {reexecute=1 rethrow=0 return_oop=0}
                      ; - (reexecute) java.lang.ClassLoader::compareCerts@7
                      ; - java.lang.ClassLoader::checkCerts@80
                      ; - java.lang.ClassLoader::preDefineClass@113
                      ; - java.lang.ClassLoader::defineClass@4
  0x000001438b3b1a48: b41f 31ff 

  0x000001438b3b1a4c: ;   {other}
  0x000001438b3b1a4c: 0f1f 8400 | bc27 003e | 4d63 d9e9 | ace3 ffff | 4983 c3fe | 498b cb48 | 8bfa 4833 | c048 83f9 
  0x000001438b3b1a6c: 087f 1048 | ffc9 7812 | 4889 04cf | 48ff c97d | f7eb 0748 | c1e1 03f3 | 48aa e939 | e4ff ffba 
  0x000001438b3b1a8c: ccff ffff | 4c8b 5424 | 484c 8954 | 2438 4889 | 7424 5089 | 7c24 5844 | 894c 2460 

  0x000001438b3b1aa8: ;   {runtime_call UncommonTrapBlob}
  0x000001438b3b1aa8: 6666 90e8 

  0x000001438b3b1aac: ; ImmutableOopMap {[32]=Oop [40]=Oop [56]=Oop [80]=Oop [88]=NarrowOop }
                      ;*newarray {reexecute=1 rethrow=0 return_oop=0}
                      ; - (reexecute) java.util.Arrays::copyOfRangeByte@10
                      ; - java.util.Arrays::copyOfRange@13
                      ; - java.lang.StringLatin1::newString@16
                      ; - java.lang.String::substring@41
                      ; - java.lang.Class::getPackageName@62
                      ; - java.lang.ClassLoader::postDefineClass@2
                      ; - java.lang.ClassLoader::defineClass@37
  0x000001438b3b1aac: 501f 31ff 

  0x000001438b3b1ab0: ;   {other}
  0x000001438b3b1ab0: 0f1f 8400 | 2028 003f | baf6 ffff 

  0x000001438b3b1abc: ;   {runtime_call UncommonTrapBlob}
  0x000001438b3b1abc: ff66 90e8 

  0x000001438b3b1ac0: ; ImmutableOopMap {}
                      ;*invokevirtual isNamed {reexecute=0 rethrow=0 return_oop=0}
                      ; - java.lang.NamedPackage::<init>@12
                      ; - java.lang.ClassLoader::getNamedPackage@22
                      ; - java.lang.ClassLoader::postDefineClass@9
                      ; - java.lang.ClassLoader::defineClass@37
  0x000001438b3b1ac0: 3c1f 31ff 

  0x000001438b3b1ac4: ;   {other}
  0x000001438b3b1ac4: 0f1f 8400 | 3428 0040 | 33ed 85c9 | 400f 94c5 | ba45 ffff | ff4c 8b54 | 2448 4c89 | 5424 384c 
  0x000001438b3b1ae4: 8944 2458 | 4489 5c24 

  0x000001438b3b1aec: ;   {runtime_call UncommonTrapBlob}
  0x000001438b3b1aec: 6066 90e8 

  0x000001438b3b1af0: ; ImmutableOopMap {[32]=Oop [40]=Oop [56]=Oop [88]=Oop }
                      ;*ifeq {reexecute=1 rethrow=0 return_oop=0}
                      ; - (reexecute) java.lang.String::lastIndexOf@4
                      ; - java.lang.String::lastIndexOf@8
                      ; - java.lang.Class::getPackageName@47
                      ; - java.lang.ClassLoader::postDefineClass@2
                      ; - java.lang.ClassLoader::defineClass@37
  0x000001438b3b1af0: 0c1f 31ff 

  0x000001438b3b1af4: ;   {other}
  0x000001438b3b1af4: 0f1f 8400 | 6428 0041 | ba45 ffff | ff48 8b6c | 2420 4c8b | 5424 484c | 8954 2438 | 4c89 4424 
  0x000001438b3b1b14: 4844 894c | 2458 8974 | 245c 4489 

  0x000001438b3b1b20: ;   {runtime_call UncommonTrapBlob}
  0x000001438b3b1b20: 4c24 60e8 

  0x000001438b3b1b24: ; ImmutableOopMap {rbp=Oop [40]=Oop [56]=Oop [72]=Oop }
                      ;*if_icmpgt {reexecute=1 rethrow=0 return_oop=0}
                      ; - (reexecute) jdk.internal.util.Preconditions::checkFromToIndex@6
                      ; - java.lang.String::checkBoundsBeginEnd@6
                      ; - java.lang.String::substring@8
                      ; - java.lang.Class::getPackageName@62
                      ; - java.lang.ClassLoader::postDefineClass@2
                      ; - java.lang.ClassLoader::defineClass@37
  0x000001438b3b1b24: d81e 31ff 

  0x000001438b3b1b28: ;   {other}
  0x000001438b3b1b28: 0f1f 8400 | 9828 0042 | baf6 ffff 

  0x000001438b3b1b34: ;   {runtime_call UncommonTrapBlob}
  0x000001438b3b1b34: ff66 90e8 

  0x000001438b3b1b38: ; ImmutableOopMap {[56]=NarrowOop }
                      ;*invokevirtual append {reexecute=0 rethrow=0 return_oop=0}
                      ; - java.lang.NamedPackage::<init>@35
                      ; - java.lang.ClassLoader::getNamedPackage@22
                      ; - java.lang.ClassLoader::postDefineClass@9
                      ; - java.lang.ClassLoader::defineClass@37
  0x000001438b3b1b38: c41e 31ff 

  0x000001438b3b1b3c: ;   {other}
  0x000001438b3b1b3c: 0f1f 8400 | ac28 0043 | baf6 ffff 

  0x000001438b3b1b48: ;   {runtime_call UncommonTrapBlob}
  0x000001438b3b1b48: ff66 90e8 

  0x000001438b3b1b4c: ; ImmutableOopMap {}
                      ;*invokevirtual toString {reexecute=0 rethrow=0 return_oop=0}
                      ; - java.lang.NamedPackage::<init>@38
                      ; - java.lang.ClassLoader::getNamedPackage@22
                      ; - java.lang.ClassLoader::postDefineClass@9
                      ; - java.lang.ClassLoader::defineClass@37
  0x000001438b3b1b4c: b01e 31ff 

  0x000001438b3b1b50: ;   {other}
  0x000001438b3b1b50: 0f1f 8400 | c028 0044 | ba45 ffff | ff48 8b6c | 2420 4c8b | 5424 484c | 8954 2438 | 4489 4c24 
  0x000001438b3b1b70: ;   {runtime_call UncommonTrapBlob}
  0x000001438b3b1b70: 4866 90e8 

  0x000001438b3b1b74: ; ImmutableOopMap {rbp=Oop [40]=Oop [56]=Oop }
                      ;*if_icmpeq {reexecute=1 rethrow=0 return_oop=0}
                      ; - (reexecute) java.lang.Class::getPackageName@55
                      ; - java.lang.ClassLoader::postDefineClass@2
                      ; - java.lang.ClassLoader::defineClass@37
  0x000001438b3b1b74: 881e 31ff 

  0x000001438b3b1b78: ;   {other}
  0x000001438b3b1b78: 0f1f 8400 | e828 0045 | ba45 ffff | ff48 8b6c | 2420 4c8b | 5424 484c | 8954 2438 | 4c89 4424 
  0x000001438b3b1b98: 4844 894c | 2458 8974 | 245c 4489 | 4c24 6089 

  0x000001438b3b1ba8: ;   {runtime_call UncommonTrapBlob}
  0x000001438b3b1ba8: 7424 64e8 

  0x000001438b3b1bac: ; ImmutableOopMap {rbp=Oop [40]=Oop [56]=Oop [72]=Oop }
                      ;*if_icmple {reexecute=1 rethrow=0 return_oop=0}
                      ; - (reexecute) jdk.internal.util.Preconditions::checkFromToIndex@11
                      ; - java.lang.String::checkBoundsBeginEnd@6
                      ; - java.lang.String::substring@8
                      ; - java.lang.Class::getPackageName@62
                      ; - java.lang.ClassLoader::postDefineClass@2
                      ; - java.lang.ClassLoader::defineClass@37
  0x000001438b3b1bac: 501e 31ff 

  0x000001438b3b1bb0: ;   {other}
  0x000001438b3b1bb0: 0f1f 8400 | 2029 0046 | ba45 ffff | ff48 8b4c | 2448 4889 | 4c24 3844 | 8944 2450 | 4c89 4c24 
  0x000001438b3b1bd0: 5844 895c | 2454 4489 

  0x000001438b3b1bd8: ;   {runtime_call UncommonTrapBlob}
  0x000001438b3b1bd8: 5424 60e8 

  0x000001438b3b1bdc: ; ImmutableOopMap {rbp=NarrowOop [32]=Oop [40]=Oop [56]=Oop [80]=NarrowOop [84]=NarrowOop [88]=Oop }
                      ;*ifnull {reexecute=1 rethrow=0 return_oop=0}
                      ; - (reexecute) java.util.concurrent.ConcurrentHashMap::get@67
                      ; - java.lang.ClassLoader::getNamedPackage@5
                      ; - java.lang.ClassLoader::postDefineClass@9
                      ; - java.lang.ClassLoader::defineClass@37
  0x000001438b3b1bdc: 201e 31ff 

  0x000001438b3b1be0: ;   {other}
  0x000001438b3b1be0: 0f1f 8400 | 5029 0047 | ba45 ffff | ff48 8b4c | 2448 4889 | 4c24 3844 | 8944 2450 | 4c89 4c24 
  0x000001438b3b1c00: 5844 895c | 2454 4489 

  0x000001438b3b1c08: ;   {runtime_call UncommonTrapBlob}
  0x000001438b3b1c08: 5424 60e8 

  0x000001438b3b1c0c: ; ImmutableOopMap {[32]=Oop [40]=Oop [56]=Oop [80]=NarrowOop [84]=NarrowOop [88]=Oop }
                      ;*ifge {reexecute=1 rethrow=0 return_oop=0}
                      ; - (reexecute) java.util.concurrent.ConcurrentHashMap::get@86
                      ; - java.lang.ClassLoader::getNamedPackage@5
                      ; - java.lang.ClassLoader::postDefineClass@9
                      ; - java.lang.ClassLoader::defineClass@37
  0x000001438b3b1c0c: f01d 31ff 

  0x000001438b3b1c10: ;   {other}
  0x000001438b3b1c10: 0f1f 8400 | 8029 0048 | ba76 ffff | ff48 8b6c | 2428 4c8b | 5c24 404c | 895c 2428 | 4c8b 5c24 
  0x000001438b3b1c30: 484c 895c | 2440 4c89 | 5424 4844 | 8944 2464 

  0x000001438b3b1c40: ;   {runtime_call UncommonTrapBlob}
  0x000001438b3b1c40: 6666 90e8 

  0x000001438b3b1c44: ; ImmutableOopMap {rbp=Oop [32]=Oop [40]=Oop [48]=Oop [64]=Oop [72]=Oop [80]=Oop }
                      ;*if_icmpge {reexecute=1 rethrow=0 return_oop=0}
                      ; - (reexecute) java.lang.ClassLoader::compareCerts@40
                      ; - java.lang.ClassLoader::checkCerts@80
                      ; - java.lang.ClassLoader::preDefineClass@113
                      ; - java.lang.ClassLoader::defineClass@4
  0x000001438b3b1c44: b81d 31ff 

  0x000001438b3b1c48: ;   {other}
  0x000001438b3b1c48: 0f1f 8400 | b829 0049 | babe ffff | ff48 8b6c | 2428 4c8b | 5c24 404c | 895c 2428 | 4c8b 5c24 
  0x000001438b3b1c68: 484c 895c | 2440 4c89 | 5424 4844 | 8944 2464 

  0x000001438b3b1c78: ;   {runtime_call UncommonTrapBlob}
  0x000001438b3b1c78: 6666 90e8 

  0x000001438b3b1c7c: ; ImmutableOopMap {rbp=Oop [32]=Oop [40]=Oop [48]=Oop [64]=Oop [72]=Oop [80]=Oop }
                      ;*if_icmpge {reexecute=1 rethrow=0 return_oop=0}
                      ; - (reexecute) java.lang.ClassLoader::compareCerts@40
                      ; - java.lang.ClassLoader::checkCerts@80
                      ; - java.lang.ClassLoader::preDefineClass@113
                      ; - java.lang.ClassLoader::defineClass@4
  0x000001438b3b1c7c: 801d 31ff 

  0x000001438b3b1c80: ;   {other}
  0x000001438b3b1c80: 0f1f 8400 | f029 004a | baf6 ffff 

  0x000001438b3b1c8c: ;   {runtime_call UncommonTrapBlob}
  0x000001438b3b1c8c: ff66 90e8 

  0x000001438b3b1c90: ; ImmutableOopMap {[48]=Oop [64]=Oop }
                      ;*invokevirtual putIfAbsent {reexecute=0 rethrow=0 return_oop=0}
                      ; - java.lang.ClassLoader::getNamedPackage@32
                      ; - java.lang.ClassLoader::postDefineClass@9
                      ; - java.lang.ClassLoader::defineClass@37
  0x000001438b3b1c90: 6c1d 31ff 

  0x000001438b3b1c94: ;   {other}
  0x000001438b3b1c94: 0f1f 8400 | 042a 004b | bade ffff | ff48 8be8 

  0x000001438b3b1ca4: ;   {runtime_call UncommonTrapBlob}
  0x000001438b3b1ca4: 6666 90e8 

  0x000001438b3b1ca8: ; ImmutableOopMap {rbp=Oop }
                      ;*checkcast {reexecute=0 rethrow=0 return_oop=0}
                      ; - java.lang.ClassLoader::getNamedPackage@35
                      ; - java.lang.ClassLoader::postDefineClass@9
                      ; - java.lang.ClassLoader::defineClass@37
  0x000001438b3b1ca8: 541d 31ff 

  0x000001438b3b1cac: ;   {other}
  0x000001438b3b1cac: 0f1f 8400 | 1c2a 004c | 41bd 0100 | 0000 ba45 | ffff ff48 | 8b6c 2428 | 488b 4c24 | 4048 894c 
  0x000001438b3b1ccc: 2428 488b | 4c24 4848 | 894c 2440 | 4c89 5424 | 484c 8974 | 2458 4489 | 4424 6044 | 894c 2464 
  0x000001438b3b1cec: 4489 6c24 | 6844 895c 

  0x000001438b3b1cf4: ;   {runtime_call UncommonTrapBlob}
  0x000001438b3b1cf4: 246c 90e8 

  0x000001438b3b1cf8: ; ImmutableOopMap {rbp=Oop [32]=Oop [40]=Oop [48]=Oop [64]=Oop [72]=Oop [88]=Oop }
                      ;*if_icmpge {reexecute=1 rethrow=0 return_oop=0}
                      ; - (reexecute) java.lang.ClassLoader::compareCerts@67
                      ; - java.lang.ClassLoader::checkCerts@80
                      ; - java.lang.ClassLoader::preDefineClass@113
                      ; - java.lang.ClassLoader::defineClass@4
  0x000001438b3b1cf8: 041d 31ff 

  0x000001438b3b1cfc: ;   {other}
  0x000001438b3b1cfc: 0f1f 8400 | 6c2a 004d | 41b9 0100 | 0000 ba45 | ffff ff48 | 8b6c 2428 | 488b 4c24 | 4048 894c 
  0x000001438b3b1d1c: 2428 488b | 4c24 4848 | 894c 2440 | 4c89 7424 | 484c 8954 | 2450 4489 | 5c24 5844 | 896c 245c 
  0x000001438b3b1d3c: 4489 4c24 | 6044 8944 

  0x000001438b3b1d44: ;   {runtime_call UncommonTrapBlob}
  0x000001438b3b1d44: 2464 90e8 

  0x000001438b3b1d48: ; ImmutableOopMap {rbp=Oop [32]=Oop [40]=Oop [48]=Oop [64]=Oop [72]=Oop [80]=Oop }
                      ;*if_icmpge {reexecute=1 rethrow=0 return_oop=0}
                      ; - (reexecute) java.lang.ClassLoader::compareCerts@152
                      ; - java.lang.ClassLoader::checkCerts@80
                      ; - java.lang.ClassLoader::preDefineClass@113
                      ; - java.lang.ClassLoader::defineClass@4
  0x000001438b3b1d48: b41c 31ff 

  0x000001438b3b1d4c: ;   {other}
  0x000001438b3b1d4c: 0f1f 8400 | bc2a 004e | ba45 ffff | ff48 8b6c | 2428 4c8b | 5424 404c | 8954 2428 | 4c8b 5424 
  0x000001438b3b1d6c: 484c 8954 | 2440 4489 | 4424 4844 | 895c 244c 

  0x000001438b3b1d7c: ;   {runtime_call UncommonTrapBlob}
  0x000001438b3b1d7c: 6666 90e8 

  0x000001438b3b1d80: ; ImmutableOopMap {rbp=Oop [32]=Oop [40]=Oop [48]=Oop [64]=Oop }
                      ;*if_icmpeq {reexecute=1 rethrow=0 return_oop=0}
                      ; - (reexecute) java.lang.ClassLoader::compareCerts@20
                      ; - java.lang.ClassLoader::checkCerts@80
                      ; - java.lang.ClassLoader::preDefineClass@113
                      ; - java.lang.ClassLoader::defineClass@4
  0x000001438b3b1d80: 7c1c 31ff 

  0x000001438b3b1d84: ;   {other}
  0x000001438b3b1d84: 0f1f 8400 | f42a 004f | 4c89 5c24 | 7044 8944 | 2464 4889 | 5c24 6844 | 8b5c 2450 | 4489 5c24 
  0x000001438b3b1da4: 604c 8b54 | 2448 4c89 | 5424 584c | 896c 2450 | 4889 7424 | 484c 8b54 | 2428 4c89 | 5424 2048 
  0x000001438b3b1dc4: 8b6c 2440 

  0x000001438b3b1dc8: ;   {metadata('java/util/ArrayList')}
  0x000001438b3b1dc8: 48ba d089 | 0b97 4301 

  0x000001438b3b1dd0: ;   {runtime_call _new_instance_Java}
  0x000001438b3b1dd0: 0000 90e8 

  0x000001438b3b1dd4: ; ImmutableOopMap {rbp=Oop [32]=Oop [48]=Oop [72]=Oop [80]=Oop [88]=Oop [96]=NarrowOop [100]=NarrowOop [104]=Oop [112]=Oop }
                      ;*new {reexecute=0 rethrow=0 return_oop=1}
                      ; - java.security.CodeSource::getCertificates@25
                      ; - java.lang.ClassLoader::checkCerts@34
                      ; - java.lang.ClassLoader::preDefineClass@113
                      ; - java.lang.ClassLoader::defineClass@4
  0x000001438b3b1dd4: 2807 3cff 

  0x000001438b3b1dd8: ;   {other}
  0x000001438b3b1dd8: 0f1f 8400 | 482b 0050 | 4889 6c24 | 404c 8b54 | 2420 4c89 | 5424 2848 | 8b74 2448 | 4c8b 6c24 
  0x000001438b3b1df8: 504c 8b54 | 2458 4c89 | 5424 4844 | 8b54 2460 | 4489 5424 | 5048 8b5c | 2468 448b | 4424 644c 
  0x000001438b3b1e18: 8b5c 2470 | e930 efff | ff48 894c | 2478 4c89 | 5c24 7048 | 895c 2468 | 4c89 6c24 | 6048 8974 
  0x000001438b3b1e38: 2458 4c8b | 5424 284c | 8954 2420 | 488b 6c24 

  0x000001438b3b1e48: ;   {metadata('java/security/cert/Certificate'[])}
  0x000001438b3b1e48: 4048 ba20 | 2910 9743 | 0100 0045 

  0x000001438b3b1e54: ;   {runtime_call _new_array_Java}
  0x000001438b3b1e54: 33c0 90e8 

  0x000001438b3b1e58: ; ImmutableOopMap {rbp=Oop [32]=Oop [48]=Oop [72]=Oop [80]=NarrowOop [88]=Oop [96]=Oop [104]=Oop [112]=Oop [120]=Oop }
                      ;*anewarray {reexecute=0 rethrow=0 return_oop=1}
                      ; - java.security.CodeSource::getCertificates@70
                      ; - java.lang.ClassLoader::checkCerts@34
                      ; - java.lang.ClassLoader::preDefineClass@113
                      ; - java.lang.ClassLoader::defineClass@4
  0x000001438b3b1e58: a403 3cff 

  0x000001438b3b1e5c: ;   {other}
  0x000001438b3b1e5c: 0f1f 8400 | cc2b 0051 | e96d f0ff | ff4c 8944 | 2440 4889 

  0x000001438b3b1e70: ;   {metadata('java/security/cert/Certificate'[])}
  0x000001438b3b1e70: 4c24 2848 | ba20 2910 | 9743 0100 | 0045 8bc1 

  0x000001438b3b1e80: ;   {runtime_call _new_array_Java}
  0x000001438b3b1e80: 6666 90e8 

  0x000001438b3b1e84: ; ImmutableOopMap {rbp=Oop [32]=Oop [40]=Oop [48]=Oop [72]=Oop [88]=Oop [96]=Oop [104]=Oop }
                      ;*invokevirtual clone {reexecute=1 rethrow=0 return_oop=1}
                      ; - (reexecute) java.security.CodeSource::getCertificates@86
                      ; - java.lang.ClassLoader::checkCerts@34
                      ; - java.lang.ClassLoader::preDefineClass@113
                      ; - java.lang.ClassLoader::defineClass@4
  0x000001438b3b1e84: 7803 3cff 

  0x000001438b3b1e88: ;   {other}
  0x000001438b3b1e88: 0f1f 8400 | f82b 0052 | 488b 4c24 | 284c 8b44 | 2440 488b | d8e9 eff0 | ffff 4889 | 4c24 3844 
  0x000001438b3b1ea8: 8944 2434 | 4489 5424 | 3048 8b6c 

  0x000001438b3b1eb4: ;   {metadata('java/util/ArrayList')}
  0x000001438b3b1eb4: 2428 48ba | d089 0b97 | 4301 0000 

  0x000001438b3b1ec0: ;   {runtime_call _new_instance_Java}
  0x000001438b3b1ec0: 6666 90e8 

  0x000001438b3b1ec4: ; ImmutableOopMap {rbp=Oop [32]=Oop [48]=NarrowOop [52]=NarrowOop [56]=Oop }
                      ;*new {reexecute=0 rethrow=0 return_oop=1}
                      ; - java.security.CodeSource::getCertificates@25
                      ; - java.lang.ClassLoader::postDefineClass@24
                      ; - java.lang.ClassLoader::defineClass@37
  0x000001438b3b1ec4: 3806 3cff 

  0x000001438b3b1ec8: ;   {other}
  0x000001438b3b1ec8: 0f1f 8400 | 382c 0053 | 4889 6c24 | 2844 8b54 | 2430 448b | 4424 3448 | 8b4c 2438 | e94b f1ff 
  0x000001438b3b1ee8: ff4c 894c | 2438 488b | e944 8954 

  0x000001438b3b1ef4: ;   {metadata('java/security/cert/Certificate'[])}
  0x000001438b3b1ef4: 2430 48ba | 2029 1097 | 4301 0000 

  0x000001438b3b1f00: ;   {runtime_call _new_array_Java}
  0x000001438b3b1f00: 4533 c0e8 

  0x000001438b3b1f04: ; ImmutableOopMap {rbp=Oop [32]=Oop [40]=Oop [48]=NarrowOop [56]=Oop }
                      ;*anewarray {reexecute=0 rethrow=0 return_oop=1}
                      ; - java.security.CodeSource::getCertificates@70
                      ; - java.lang.ClassLoader::postDefineClass@24
                      ; - java.lang.ClassLoader::defineClass@37
  0x000001438b3b1f04: f802 3cff 

  0x000001438b3b1f08: ;   {other}
  0x000001438b3b1f08: 0f1f 8400 | 782c 0054 | e91b f2ff 

  0x000001438b3b1f14: ;   {metadata('java/security/cert/Certificate'[])}
  0x000001438b3b1f14: ff48 ba20 | 2910 9743 | 0100 0045 

  0x000001438b3b1f20: ;   {runtime_call _new_array_Java}
  0x000001438b3b1f20: 8bc2 90e8 

  0x000001438b3b1f24: ; ImmutableOopMap {[32]=Oop [40]=Oop [64]=Oop }
                      ;*invokevirtual clone {reexecute=1 rethrow=0 return_oop=1}
                      ; - (reexecute) java.security.CodeSource::getCertificates@86
                      ; - java.lang.ClassLoader::postDefineClass@24
                      ; - java.lang.ClassLoader::defineClass@37
  0x000001438b3b1f24: d802 3cff 

  0x000001438b3b1f28: ;   {other}
  0x000001438b3b1f28: 0f1f 8400 | 982c 0055 | 488b d8e9 | baf2 ffff | ba45 ffff | ff4c 8b5c | 2448 4c89 | 5c24 3844 
  0x000001438b3b1f48: 8944 2450 | 4c89 4c24 | 5848 894c | 2460 4489 

  0x000001438b3b1f58: ;   {runtime_call UncommonTrapBlob}
  0x000001438b3b1f58: 5424 54e8 

  0x000001438b3b1f5c: ; ImmutableOopMap {rbp=NarrowOop [32]=Oop [40]=Oop [56]=Oop [80]=NarrowOop [88]=Oop [96]=Oop }
                      ;*ifnull {reexecute=1 rethrow=0 return_oop=0}
                      ; - (reexecute) java.util.concurrent.ConcurrentHashMap::get@143
                      ; - java.lang.ClassLoader::getNamedPackage@5
                      ; - java.lang.ClassLoader::postDefineClass@9
                      ; - java.lang.ClassLoader::defineClass@37
  0x000001438b3b1f5c: a01a 31ff 

  0x000001438b3b1f60: ;   {other}
  0x000001438b3b1f60: 0f1f 8400 | d02c 0056 | ba45 ffff | ff44 8b54 | 2450 4489 | 5424 4889 

  0x000001438b3b1f78: ;   {runtime_call UncommonTrapBlob}
  0x000001438b3b1f78: 4424 50e8 

  0x000001438b3b1f7c: ; ImmutableOopMap {rbp=Oop [32]=Oop [48]=Oop [64]=Oop [72]=NarrowOop [88]=Oop }
                      ;*ifeq {reexecute=1 rethrow=0 return_oop=0}
                      ; - (reexecute) java.util.concurrent.ConcurrentHashMap::get@152
                      ; - java.lang.ClassLoader::getNamedPackage@5
                      ; - java.lang.ClassLoader::postDefineClass@9
                      ; - java.lang.ClassLoader::defineClass@37
  0x000001438b3b1f7c: 801a 31ff 

  0x000001438b3b1f80: ;   {other}
  0x000001438b3b1f80: 0f1f 8400 | f02c 0057 | ba37 0100 | 0049 8beb | 4c8b 5424 | 404c 8954 | 2420 4c8b | 5424 304c 
  0x000001438b3b1fa0: 8954 2428 | 448b 5c24 | 3844 895c | 2430 448b | 5424 3c44 | 8954 2434 

  0x000001438b3b1fb8: ;   {runtime_call UncommonTrapBlob}
  0x000001438b3b1fb8: 6666 90e8 

  0x000001438b3b1fbc: ; ImmutableOopMap {rbp=Oop [32]=Oop [40]=Oop }
                      ;*new {reexecute=0 rethrow=0 return_oop=0}
                      ; - java.lang.ClassLoader::preDefineClass@56
                      ; - java.lang.ClassLoader::defineClass@4
  0x000001438b3b1fbc: 401a 31ff 

  0x000001438b3b1fc0: ;   {other}
  0x000001438b3b1fc0: 0f1f 8400 | 302d 0058 | bae4 ffff | ff48 8b6c | 2428 4c8b | 5424 404c | 8954 2420 | 4c8b 5424 
  0x000001438b3b1fe0: 304c 8954 | 2428 448b | 5424 3844 | 8954 2430 | 448b 5c24 | 3c44 895c | 2434 4c8b | 5424 484c 
  0x000001438b3b2000: 8954 2438 | 4889 7424 | 404c 896c | 2448 4889 | 5c24 5848 | 894c 2468 | 4489 4424 | 7044 894c 
  0x000001438b3b2020: ;   {runtime_call UncommonTrapBlob}
  0x000001438b3b2020: 2474 90e8 

  0x000001438b3b2024: ; ImmutableOopMap {rbp=Oop [32]=Oop [40]=Oop [56]=Oop [64]=Oop [72]=Oop [80]=NarrowOop [88]=Oop [104]=Oop [112]=NarrowOop }
                      ;*aaload {reexecute=0 rethrow=0 return_oop=0}
                      ; - java.security.CodeSource::getCertificates@50
                      ; - java.lang.ClassLoader::checkCerts@34
                      ; - java.lang.ClassLoader::preDefineClass@113
                      ; - java.lang.ClassLoader::defineClass@4
  0x000001438b3b2024: d819 31ff 

  0x000001438b3b2028: ;   {other}
  0x000001438b3b2028: 0f1f 8400 | 982d 0059 | bae4 ffff | ff44 8954 | 2430 4c89 | 4c24 4044 | 8944 2448 | 4489 5c24 
  0x000001438b3b2048: ;   {runtime_call UncommonTrapBlob}
  0x000001438b3b2048: 4c66 90e8 

  0x000001438b3b204c: ; ImmutableOopMap {[32]=Oop [40]=Oop [48]=NarrowOop [64]=Oop [72]=NarrowOop }
                      ;*aaload {reexecute=0 rethrow=0 return_oop=0}
                      ; - java.security.CodeSource::getCertificates@50
                      ; - java.lang.ClassLoader::postDefineClass@24
                      ; - java.lang.ClassLoader::defineClass@37
  0x000001438b3b204c: b019 31ff 

  0x000001438b3b2050: ;   {other}
  0x000001438b3b2050: 0f1f 8400 | c02d 005a | bade ffff | ff48 8944 

  0x000001438b3b2060: ;   {runtime_call UncommonTrapBlob}
  0x000001438b3b2060: 2458 90e8 

  0x000001438b3b2064: ; ImmutableOopMap {rbp=Oop [32]=Oop [40]=Oop [48]=Oop [64]=Oop [72]=Oop [80]=Oop [88]=Oop }
                      ;*checkcast {reexecute=0 rethrow=0 return_oop=0}
                      ; - java.lang.ClassLoader::checkCerts@65
                      ; - java.lang.ClassLoader::preDefineClass@113
                      ; - java.lang.ClassLoader::defineClass@4
  0x000001438b3b2064: 9819 31ff 

  0x000001438b3b2068: ;   {other}
  0x000001438b3b2068: 0f1f 8400 | d82d 005b | 488b 6c24 | 2848 8b5c | 2440 4889 | 5c24 2848 | 8b5c 2448 | 4889 5c24 
  0x000001438b3b2088: 404c 8974 | 2458 4489 | 4424 6044 | 894c 2464 | 4c89 5424 | 7044 895c | 246c 894c | 2478 8954 
  0x000001438b3b20a8: 247c 8994 | 2480 0000 | 00ba 66ff 

  0x000001438b3b20b4: ;   {runtime_call UncommonTrapBlob}
  0x000001438b3b20b4: ffff 90e8 

  0x000001438b3b20b8: ; ImmutableOopMap {rbp=Oop [32]=Oop [40]=Oop [48]=Oop [64]=Oop [88]=Oop [112]=Oop [120]=NarrowOop [124]=NarrowOop [128]=NarrowOop }
                      ;*instanceof {reexecute=0 rethrow=0 return_oop=0}
                      ; - sun.security.x509.X509CertImpl::getEncodedInternal@1
                      ; - java.security.cert.Certificate::equals@17
                      ; - java.lang.ClassLoader::compareCerts@81
                      ; - java.lang.ClassLoader::checkCerts@80
                      ; - java.lang.ClassLoader::preDefineClass@113
                      ; - java.lang.ClassLoader::defineClass@4
  0x000001438b3b20b8: 4419 31ff 

  0x000001438b3b20bc: ;   {other}
  0x000001438b3b20bc: 0f1f 8400 | 2c2e 005c | 4c89 5424 | 5844 895c | 2460 4489 | 6c24 644c | 8974 2470 | 4489 4424 
  0x000001438b3b20dc: 6c89 5424 | 7889 5424 | 7cba 66ff 

  0x000001438b3b20e8: ;   {runtime_call UncommonTrapBlob}
  0x000001438b3b20e8: ffff 90e8 

  0x000001438b3b20ec: ; ImmutableOopMap {rbp=NarrowOop [32]=Oop [40]=Oop [48]=Oop [64]=Oop [72]=Oop [88]=Oop [112]=Oop [120]=NarrowOop [124]=NarrowOop }
                      ;*instanceof {reexecute=0 rethrow=0 return_oop=0}
                      ; - sun.security.x509.X509CertImpl::getEncodedInternal@1
                      ; - java.security.cert.Certificate::equals@17
                      ; - java.lang.ClassLoader::compareCerts@166
                      ; - java.lang.ClassLoader::checkCerts@80
                      ; - java.lang.ClassLoader::preDefineClass@113
                      ; - java.lang.ClassLoader::defineClass@4
  0x000001438b3b20ec: 1019 31ff 

  0x000001438b3b20f0: ;   {other}
  0x000001438b3b20f0: 0f1f 8400 | 602e 005d | 4533 ed4c | 8974 2460 | 4489 4424 | 6844 894c | 246c 8954 | 2470 4c89 
  0x000001438b3b2110: 5424 7844 | 895c 2474 | 4489 ac24 | 8000 0000 | f30f 118c | 2484 0000 | 00ba 66ff 

  0x000001438b3b212c: ;   {runtime_call UncommonTrapBlob}
  0x000001438b3b212c: ffff 90e8 

  0x000001438b3b2130: ; ImmutableOopMap {rbp=Oop [32]=Oop [40]=Oop [48]=Oop [64]=Oop [72]=Oop [96]=Oop [112]=NarrowOop [120]=Oop [132]=NarrowOop }
                      ;*instanceof {reexecute=0 rethrow=0 return_oop=0}
                      ; - sun.security.x509.X509CertImpl::getEncodedInternal@1
                      ; - java.security.cert.Certificate::equals@25
                      ; - java.lang.ClassLoader::compareCerts@81
                      ; - java.lang.ClassLoader::checkCerts@80
                      ; - java.lang.ClassLoader::preDefineClass@113
                      ; - java.lang.ClassLoader::defineClass@4
  0x000001438b3b2130: cc18 31ff 

  0x000001438b3b2134: ;   {other}
  0x000001438b3b2134: 0f1f 8400 | a42e 005e | 4533 c948 | 8b6c 2428 | 488b 4c24 | 4048 894c | 2428 488b | 4c24 4848 
  0x000001438b3b2154: 894c 2440 | 4c89 5424 | 5044 895c | 2458 4489 | 6c24 5c89 | 5424 604c | 8974 2468 | 4489 4424 
  0x000001438b3b2174: 6444 894c | 2470 f30f | 1144 2474 | 4889 9c24 | 8000 0000 | ba66 ffff 

  0x000001438b3b218c: ;   {runtime_call UncommonTrapBlob}
  0x000001438b3b218c: ff66 90e8 

  0x000001438b3b2190: ; ImmutableOopMap {rbp=Oop [32]=Oop [40]=Oop [48]=Oop [64]=Oop [80]=Oop [96]=NarrowOop [104]=Oop [116]=NarrowOop [128]=Oop }
                      ;*instanceof {reexecute=0 rethrow=0 return_oop=0}
                      ; - sun.security.x509.X509CertImpl::getEncodedInternal@1
                      ; - java.security.cert.Certificate::equals@25
                      ; - java.lang.ClassLoader::compareCerts@166
                      ; - java.lang.ClassLoader::checkCerts@80
                      ; - java.lang.ClassLoader::preDefineClass@113
                      ; - java.lang.ClassLoader::defineClass@4
  0x000001438b3b2190: 6c18 31ff 

  0x000001438b3b2194: ;   {other}
  0x000001438b3b2194: 0f1f 8400 | 042f 005f | bade ffff | ff4c 8b54 | 2430 4c89 | 5424 2844 | 8b54 2438 | 4489 5424 
  0x000001438b3b21b4: 3044 8b5c | 243c 4489 | 5c24 344c | 8b54 2448 | 4c89 5424 | 384c 8b54 | 2458 4c89 | 5424 404c 
  0x000001438b3b21d4: 8b54 2460 | 4c89 5424 | 4848 8944 

  0x000001438b3b21e0: ;   {runtime_call UncommonTrapBlob}
  0x000001438b3b21e0: 2460 90e8 

  0x000001438b3b21e4: ; ImmutableOopMap {rbp=Oop [32]=Oop [40]=Oop [56]=Oop [64]=Oop [72]=Oop [80]=NarrowOop [96]=Oop [104]=Oop }
                      ;*checkcast {reexecute=0 rethrow=0 return_oop=0}
                      ; - java.security.CodeSource::getCertificates@76
                      ; - java.lang.ClassLoader::checkCerts@34
                      ; - java.lang.ClassLoader::preDefineClass@113
                      ; - java.lang.ClassLoader::defineClass@4
  0x000001438b3b21e4: 1818 31ff 

  0x000001438b3b21e8: ;   {other}
  0x000001438b3b21e8: 0f1f 8400 | 582f 0060 | bade ffff | ff48 8944 

  0x000001438b3b21f8: ;   {runtime_call UncommonTrapBlob}
  0x000001438b3b21f8: 2438 90e8 

  0x000001438b3b21fc: ; ImmutableOopMap {[32]=Oop [40]=Oop [48]=NarrowOop [56]=Oop }
                      ;*checkcast {reexecute=0 rethrow=0 return_oop=0}
                      ; - java.security.CodeSource::getCertificates@76
                      ; - java.lang.ClassLoader::postDefineClass@24
                      ; - java.lang.ClassLoader::defineClass@37
  0x000001438b3b21fc: 0018 31ff 

  0x000001438b3b2200: ;   {other}
  0x000001438b3b2200: 0f1f 8400 | 702f 0061 | baf6 ffff 

  0x000001438b3b220c: ;   {runtime_call UncommonTrapBlob}
  0x000001438b3b220c: ff66 90e8 

  0x000001438b3b2210: ; ImmutableOopMap {}
                      ;*invokevirtual getCodeSource {reexecute=0 rethrow=0 return_oop=0}
                      ; - java.lang.ClassLoader::defineClassSourceLocation@1
                      ; - java.lang.ClassLoader::defineClass@12
  0x000001438b3b2210: ec17 31ff 

  0x000001438b3b2214: ;   {other}
  0x000001438b3b2214: 0f1f 8400 | 842f 0062 | baf6 ffff 

  0x000001438b3b2220: ;   {runtime_call UncommonTrapBlob}
  0x000001438b3b2220: ff66 90e8 

  0x000001438b3b2224: ; ImmutableOopMap {}
                      ;*invokevirtual getPackageName {reexecute=0 rethrow=0 return_oop=0}
                      ; - java.lang.ClassLoader::postDefineClass@2
                      ; - java.lang.ClassLoader::defineClass@37
  0x000001438b3b2224: d817 31ff 

  0x000001438b3b2228: ;   {other}
  0x000001438b3b2228: 0f1f 8400 | 982f 0063 | baf6 ffff 

  0x000001438b3b2234: ;   {runtime_call UncommonTrapBlob}
  0x000001438b3b2234: ff66 90e8 

  0x000001438b3b2238: ; ImmutableOopMap {}
                      ;*invokevirtual hashCode {reexecute=0 rethrow=0 return_oop=0}
                      ; - java.util.concurrent.ConcurrentHashMap::get@1
                      ; - java.lang.ClassLoader::getNamedPackage@5
                      ; - java.lang.ClassLoader::postDefineClass@9
                      ; - java.lang.ClassLoader::defineClass@37
  0x000001438b3b2238: c417 31ff 

  0x000001438b3b223c: ;   {other}
  0x000001438b3b223c: 0f1f 8400 | ac2f 0064 | baf6 ffff 

  0x000001438b3b2248: ;   {runtime_call UncommonTrapBlob}
  0x000001438b3b2248: ff66 90e8 

  0x000001438b3b224c: ; ImmutableOopMap {}
                      ;*arraylength {reexecute=0 rethrow=0 return_oop=0}
                      ; - java.lang.String::isEmpty@4
                      ; - java.lang.ClassLoader::checkName@5
                      ; - java.lang.ClassLoader::preDefineClass@1
                      ; - java.lang.ClassLoader::defineClass@4
  0x000001438b3b224c: b017 31ff 

  0x000001438b3b2250: ;   {other}
  0x000001438b3b2250: 0f1f 8400 | c02f 0065 | baf6 ffff 

  0x000001438b3b225c: ;   {runtime_call UncommonTrapBlob}
  0x000001438b3b225c: ff66 90e8 

  0x000001438b3b2260: ; ImmutableOopMap {}
                      ;*arraylength {reexecute=0 rethrow=0 return_oop=0}
                      ; - java.lang.String::length@4
                      ; - java.lang.String::startsWith@6
                      ; - java.lang.String::startsWith@3
                      ; - java.lang.ClassLoader::preDefineClass@43
                      ; - java.lang.ClassLoader::defineClass@4
  0x000001438b3b2260: 9c17 31ff 

  0x000001438b3b2264: ;   {other}
  0x000001438b3b2264: 0f1f 8400 | d42f 0066 | baf6 ffff 

  0x000001438b3b2270: ;   {runtime_call UncommonTrapBlob}
  0x000001438b3b2270: ff66 90e8 

  0x000001438b3b2274: ; ImmutableOopMap {}
                      ;*arraylength {reexecute=0 rethrow=0 return_oop=0}
                      ; - java.lang.StringLatin1::charAt@2
                      ; - java.lang.String::charAt@12
                      ; - java.lang.ClassLoader::checkName@25
                      ; - java.lang.ClassLoader::preDefineClass@1
                      ; - java.lang.ClassLoader::defineClass@4
  0x000001438b3b2274: 8817 31ff 

  0x000001438b3b2278: ;   {other}
  0x000001438b3b2278: 0f1f 8400 | e82f 0067 | baf6 ffff 

  0x000001438b3b2284: ;   {runtime_call UncommonTrapBlob}
  0x000001438b3b2284: ff66 90e8 

  0x000001438b3b2288: ; ImmutableOopMap {}
                      ;*invokevirtual getCodeSource {reexecute=0 rethrow=0 return_oop=0}
                      ; - java.lang.ClassLoader::preDefineClass@110
                      ; - java.lang.ClassLoader::defineClass@4
  0x000001438b3b2288: 7417 31ff 

  0x000001438b3b228c: ;   {other}
  0x000001438b3b228c: 0f1f 8400 | fc2f 0068 | baf6 ffff 

  0x000001438b3b2298: ;   {runtime_call UncommonTrapBlob}
  0x000001438b3b2298: ff66 90e8 

  0x000001438b3b229c: ; ImmutableOopMap {}
                      ;*arraylength {reexecute=0 rethrow=0 return_oop=0}
                      ; - java.lang.String::length@4
                      ; - java.lang.String::lastIndexOf@3
                      ; - java.lang.ClassLoader::checkCerts@3
                      ; - java.lang.ClassLoader::preDefineClass@113
                      ; - java.lang.ClassLoader::defineClass@4
  0x000001438b3b229c: 6017 31ff 

  0x000001438b3b22a0: ;   {other}
  0x000001438b3b22a0: 0f1f 8400 | 1030 0069 | ba45 ffff | ff4c 8b54 | 2428 4c89 | 5424 204c | 8b54 2440 | 4c89 5424 
  0x000001438b3b22c0: ;   {runtime_call UncommonTrapBlob}
  0x000001438b3b22c0: 2866 90e8 

  0x000001438b3b22c4: ; ImmutableOopMap {rbp=NarrowOop [32]=Oop [40]=Oop [48]=Oop [72]=Oop }
                      ;*ifnull {reexecute=1 rethrow=0 return_oop=0}
                      ; - (reexecute) java.lang.ClassLoader::defineClassSourceLocation@8
                      ; - java.lang.ClassLoader::defineClass@12
  0x000001438b3b22c4: 3817 31ff 

  0x000001438b3b22c8: ;   {other}
  0x000001438b3b22c8: 0f1f 8400 | 3830 006a | ba45 ffff | ff48 8b6c | 2428 4c8b | 5424 404c | 8954 2420 | 4c8b 5424 
  0x000001438b3b22e8: 304c 8954 | 2428 448b | 5c24 3844 | 895c 2430 | 448b 5424 | 3c44 8954 | 2434 4c8b | 5424 484c 
  0x000001438b3b2308: 8954 2438 | 4889 7424 | 404c 896c | 2448 4889 

  0x000001438b3b2318: ;   {runtime_call UncommonTrapBlob}
  0x000001438b3b2318: 5c24 58e8 

  0x000001438b3b231c: ; ImmutableOopMap {rbp=Oop [32]=Oop [40]=Oop [56]=Oop [64]=Oop [72]=Oop [80]=NarrowOop [88]=Oop }
                      ;*ifnull {reexecute=1 rethrow=0 return_oop=0}
                      ; - (reexecute) java.lang.ClassLoader::checkCerts@30
                      ; - java.lang.ClassLoader::preDefineClass@113
                      ; - java.lang.ClassLoader::defineClass@4
  0x000001438b3b231c: e016 31ff 

  0x000001438b3b2320: ;   {other}
  0x000001438b3b2320: 0f1f 8400 | 9030 006b | 33ed 4d85 | d240 0f94 | c5ba 45ff | ffff 4c8b | 5424 484c | 8954 2438 
  0x000001438b3b2340: ;   {runtime_call UncommonTrapBlob}
  0x000001438b3b2340: 6666 90e8 

  0x000001438b3b2344: ; ImmutableOopMap {[32]=Oop [40]=Oop [56]=Oop }
                      ;*ifeq {reexecute=1 rethrow=0 return_oop=0}
                      ; - (reexecute) java.lang.Class::getPackageName@29
                      ; - java.lang.ClassLoader::postDefineClass@2
                      ; - java.lang.ClassLoader::defineClass@37
  0x000001438b3b2344: b816 31ff 

  0x000001438b3b2348: ;   {other}
  0x000001438b3b2348: 0f1f 8400 | b830 006c | baf6 ffff 

  0x000001438b3b2354: ;   {runtime_call UncommonTrapBlob}
  0x000001438b3b2354: ff66 90e8 

  0x000001438b3b2358: ; ImmutableOopMap {}
                      ;*arraylength {reexecute=0 rethrow=0 return_oop=0}
                      ; - java.lang.String::length@4
                      ; - java.lang.String::lastIndexOf@3
                      ; - java.lang.Class::getPackageName@47
                      ; - java.lang.ClassLoader::postDefineClass@2
                      ; - java.lang.ClassLoader::defineClass@37
  0x000001438b3b2358: a416 31ff 

  0x000001438b3b235c: ;   {other}
  0x000001438b3b235c: 0f1f 8400 | cc30 006d | ba45 ffff | ff48 8b6c | 2420 4489 

  0x000001438b3b2370: ;   {runtime_call UncommonTrapBlob}
  0x000001438b3b2370: 5424 20e8 

  0x000001438b3b2374: ; ImmutableOopMap {rbp=Oop [32]=NarrowOop }
                      ;*ifnull {reexecute=1 rethrow=0 return_oop=0}
                      ; - (reexecute) java.lang.ClassLoader::postDefineClass@17
                      ; - java.lang.ClassLoader::defineClass@37
  0x000001438b3b2374: 8816 31ff 

  0x000001438b3b2378: ;   {other}
  0x000001438b3b2378: 0f1f 8400 | e830 006e | 488b 6c24 | 2848 8b4c | 2440 4889 | 4c24 2848 | 8b4c 2448 | 4889 4c24 
  0x000001438b3b2398: 404c 8974 | 2458 4489 | 4424 6044 | 894c 2464 | 8954 2468 | 4c89 5424 | 7044 895c | 2478 ba76 
  0x000001438b3b23b8: ;   {runtime_call UncommonTrapBlob}
  0x000001438b3b23b8: ffff ffe8 

  0x000001438b3b23bc: ; ImmutableOopMap {rbp=Oop [32]=Oop [40]=Oop [48]=Oop [64]=Oop [88]=Oop [104]=NarrowOop [112]=Oop }
                      ;*if_icmpge {reexecute=1 rethrow=0 return_oop=0}
                      ; - (reexecute) java.lang.ClassLoader::compareCerts@67
                      ; - java.lang.ClassLoader::checkCerts@80
                      ; - java.lang.ClassLoader::preDefineClass@113
                      ; - java.lang.ClassLoader::defineClass@4
  0x000001438b3b23bc: 4016 31ff 

  0x000001438b3b23c0: ;   {other}
  0x000001438b3b23c0: 0f1f 8400 | 3031 006f | 488b 6c24 | 284c 8b4c | 2440 4c89 | 4c24 284c | 8b4c 2448 | 4c89 4c24 
  0x000001438b3b23e0: 404c 8954 | 2450 4489 | 5c24 5844 | 896c 245c | 8954 2460 | 4c89 7424 | 6844 8944 | 2470 ba76 
  0x000001438b3b2400: ;   {runtime_call UncommonTrapBlob}
  0x000001438b3b2400: ffff ffe8 

  0x000001438b3b2404: ; ImmutableOopMap {rbp=Oop [32]=Oop [40]=Oop [48]=Oop [64]=Oop [80]=Oop [96]=NarrowOop [104]=Oop }
                      ;*if_icmpge {reexecute=1 rethrow=0 return_oop=0}
                      ; - (reexecute) java.lang.ClassLoader::compareCerts@152
                      ; - java.lang.ClassLoader::checkCerts@80
                      ; - java.lang.ClassLoader::preDefineClass@113
                      ; - java.lang.ClassLoader::defineClass@4
  0x000001438b3b2404: f815 31ff 

  0x000001438b3b2408: ;   {other}
  0x000001438b3b2408: 0f1f 8400 | 7831 0070 | 4533 ed48 | 8b6c 2428 | 488b 4c24 | 4048 894c | 2428 488b | 4c24 4848 
  0x000001438b3b2428: 894c 2440 | 4c89 7424 | 5844 8944 | 2460 4489 | 4c24 644c | 8954 2470 | 4489 5c24 | 6c44 896c 
  0x000001438b3b2448: 2478 8954 | 247c baf4 

  0x000001438b3b2450: ;   {runtime_call UncommonTrapBlob}
  0x000001438b3b2450: ffff ffe8 

  0x000001438b3b2454: ; ImmutableOopMap {rbp=Oop [32]=Oop [40]=Oop [48]=Oop [64]=Oop [88]=Oop [112]=Oop [124]=NarrowOop }
                      ;*instanceof {reexecute=0 rethrow=0 return_oop=0}
                      ; - java.security.cert.Certificate::equals@8
                      ; - java.lang.ClassLoader::compareCerts@81
                      ; - java.lang.ClassLoader::checkCerts@80
                      ; - java.lang.ClassLoader::preDefineClass@113
                      ; - java.lang.ClassLoader::defineClass@4
  0x000001438b3b2454: a815 31ff 

  0x000001438b3b2458: ;   {other}
  0x000001438b3b2458: 0f1f 8400 | c831 0071 | 4533 c948 | 8b6c 2428 | 488b 4c24 | 4048 894c | 2428 488b | 4c24 4848 
  0x000001438b3b2478: 894c 2440 | 4c89 5424 | 5044 895c | 2458 4489 | 6c24 5c4c | 8974 2468 | 4489 4424 | 6444 894c 
  0x000001438b3b2498: 2470 8954 | 2474 baf4 

  0x000001438b3b24a0: ;   {runtime_call UncommonTrapBlob}
  0x000001438b3b24a0: ffff ffe8 

  0x000001438b3b24a4: ; ImmutableOopMap {rbp=Oop [32]=Oop [40]=Oop [48]=Oop [64]=Oop [80]=Oop [104]=Oop [116]=NarrowOop }
                      ;*instanceof {reexecute=0 rethrow=0 return_oop=0}
                      ; - java.security.cert.Certificate::equals@8
                      ; - java.lang.ClassLoader::compareCerts@166
                      ; - java.lang.ClassLoader::checkCerts@80
                      ; - java.lang.ClassLoader::preDefineClass@113
                      ; - java.lang.ClassLoader::defineClass@4
  0x000001438b3b24a4: 5815 31ff 

  0x000001438b3b24a8: ;   {other}
  0x000001438b3b24a8: 0f1f 8400 | 1832 0072 | baf6 ffff | ff41 8be9 

  0x000001438b3b24b8: ;   {runtime_call UncommonTrapBlob}
  0x000001438b3b24b8: 6666 90e8 

  0x000001438b3b24bc: ; ImmutableOopMap {}
                      ;*aaload {reexecute=0 rethrow=0 return_oop=0}
                      ; - java.security.CodeSource::getCertificates@50
                      ; - java.lang.ClassLoader::checkCerts@34
                      ; - java.lang.ClassLoader::preDefineClass@113
                      ; - java.lang.ClassLoader::defineClass@4
  0x000001438b3b24bc: 4015 31ff 

  0x000001438b3b24c0: ;   {other}
  0x000001438b3b24c0: 0f1f 8400 | 3032 0073 | baf6 ffff 

  0x000001438b3b24cc: ;   {runtime_call UncommonTrapBlob}
  0x000001438b3b24cc: ff66 90e8 

  0x000001438b3b24d0: ; ImmutableOopMap {}
                      ;*invokevirtual getSignerCertPath {reexecute=0 rethrow=0 return_oop=0}
                      ; - java.security.CodeSource::getCertificates@51
                      ; - java.lang.ClassLoader::checkCerts@34
                      ; - java.lang.ClassLoader::preDefineClass@113
                      ; - java.lang.ClassLoader::defineClass@4
  0x000001438b3b24d0: 2c15 31ff 

  0x000001438b3b24d4: ;   {other}
  0x000001438b3b24d4: 0f1f 8400 | 4432 0074 | baf6 ffff 

  0x000001438b3b24e0: ;   {runtime_call UncommonTrapBlob}
  0x000001438b3b24e0: ff66 90e8 

  0x000001438b3b24e4: ; ImmutableOopMap {}
                      ;*invokevirtual getCertificates {reexecute=0 rethrow=0 return_oop=0}
                      ; - java.security.CodeSource::getCertificates@54
                      ; - java.lang.ClassLoader::checkCerts@34
                      ; - java.lang.ClassLoader::preDefineClass@113
                      ; - java.lang.ClassLoader::defineClass@4
  0x000001438b3b24e4: 1815 31ff 

  0x000001438b3b24e8: ;   {other}
  0x000001438b3b24e8: 0f1f 8400 | 5832 0075 | baf6 ffff 

  0x000001438b3b24f4: ;   {runtime_call UncommonTrapBlob}
  0x000001438b3b24f4: ff66 90e8 

  0x000001438b3b24f8: ; ImmutableOopMap {}
                      ;*arraylength {reexecute=0 rethrow=0 return_oop=0}
                      ; - java.security.CodeSource::getCertificates@40
                      ; - java.lang.ClassLoader::checkCerts@34
                      ; - java.lang.ClassLoader::preDefineClass@113
                      ; - java.lang.ClassLoader::defineClass@4
  0x000001438b3b24f8: 0415 31ff 

  0x000001438b3b24fc: ;   {other}
  0x000001438b3b24fc: 0f1f 8400 | 6c32 0076 | baf6 ffff | ff41 8beb 

  0x000001438b3b250c: ;   {runtime_call UncommonTrapBlob}
  0x000001438b3b250c: 6666 90e8 

  0x000001438b3b2510: ; ImmutableOopMap {}
                      ;*aaload {reexecute=0 rethrow=0 return_oop=0}
                      ; - java.security.CodeSource::getCertificates@50
                      ; - java.lang.ClassLoader::postDefineClass@24
                      ; - java.lang.ClassLoader::defineClass@37
  0x000001438b3b2510: ec14 31ff 

  0x000001438b3b2514: ;   {other}
  0x000001438b3b2514: 0f1f 8400 | 8432 0077 | baf6 ffff 

  0x000001438b3b2520: ;   {runtime_call UncommonTrapBlob}
  0x000001438b3b2520: ff66 90e8 

  0x000001438b3b2524: ; ImmutableOopMap {}
                      ;*invokevirtual getSignerCertPath {reexecute=0 rethrow=0 return_oop=0}
                      ; - java.security.CodeSource::getCertificates@51
                      ; - java.lang.ClassLoader::postDefineClass@24
                      ; - java.lang.ClassLoader::defineClass@37
  0x000001438b3b2524: d814 31ff 

  0x000001438b3b2528: ;   {other}
  0x000001438b3b2528: 0f1f 8400 | 9832 0078 | baf6 ffff 

  0x000001438b3b2534: ;   {runtime_call UncommonTrapBlob}
  0x000001438b3b2534: ff66 90e8 

  0x000001438b3b2538: ; ImmutableOopMap {}
                      ;*invokevirtual getCertificates {reexecute=0 rethrow=0 return_oop=0}
                      ; - java.security.CodeSource::getCertificates@54
                      ; - java.lang.ClassLoader::postDefineClass@24
                      ; - java.lang.ClassLoader::defineClass@37
  0x000001438b3b2538: c414 31ff 

  0x000001438b3b253c: ;   {other}
  0x000001438b3b253c: 0f1f 8400 | ac32 0079 | baf6 ffff 

  0x000001438b3b2548: ;   {runtime_call UncommonTrapBlob}
  0x000001438b3b2548: ff66 90e8 

  0x000001438b3b254c: ; ImmutableOopMap {}
                      ;*arraylength {reexecute=0 rethrow=0 return_oop=0}
                      ; - java.security.CodeSource::getCertificates@40
                      ; - java.lang.ClassLoader::postDefineClass@24
                      ; - java.lang.ClassLoader::defineClass@37
  0x000001438b3b254c: b014 31ff 

  0x000001438b3b2550: ;   {other}
  0x000001438b3b2550: 0f1f 8400 | c032 007a | baf4 ffff | ff4c 8b54 | 2430 4c89 | 5424 2844 | 8b54 2438 | 4489 5424 
  0x000001438b3b2570: 3044 8b5c | 243c 4489 | 5c24 344c | 8b54 2448 | 4c89 5424 | 384c 8b54 | 2458 4c89 

  0x000001438b3b258c: ;   {runtime_call UncommonTrapBlob}
  0x000001438b3b258c: 5424 40e8 

  0x000001438b3b2590: ; ImmutableOopMap {rbp=Oop [32]=Oop [40]=Oop [56]=Oop [64]=Oop [80]=NarrowOop [96]=Oop [104]=Oop }
                      ;*checkcast {reexecute=0 rethrow=0 return_oop=0}
                      ; - java.security.CodeSource::getCertificates@76
                      ; - java.lang.ClassLoader::checkCerts@34
                      ; - java.lang.ClassLoader::preDefineClass@113
                      ; - java.lang.ClassLoader::defineClass@4
  0x000001438b3b2590: 6c14 31ff 

  0x000001438b3b2594: ;   {other}
  0x000001438b3b2594: 0f1f 8400 | 0433 007b | ba97 ffff | ff48 8b6c | 2428 4c8b | 5424 304c | 8954 2428 | 448b 5424 
  0x000001438b3b25b4: 3844 8954 | 2430 448b | 5c24 3c44 | 895c 2434 | 4c8b 5424 | 584c 8954 | 2438 4c8b | 5424 484c 
  0x000001438b3b25d4: 8954 2440 | 4c8b 5424 | 504c 8954 

  0x000001438b3b25e0: ;   {runtime_call UncommonTrapBlob}
  0x000001438b3b25e0: 2448 90e8 

  0x000001438b3b25e4: ; ImmutableOopMap {rbp=Oop [32]=Oop [40]=Oop [56]=Oop [64]=Oop [72]=Oop [96]=Oop [104]=NarrowOop }
                      ;*invokevirtual clone {reexecute=1 rethrow=0 return_oop=0}
                      ; - (reexecute) java.security.CodeSource::getCertificates@11
                      ; - java.lang.ClassLoader::checkCerts@34
                      ; - java.lang.ClassLoader::preDefineClass@113
                      ; - java.lang.ClassLoader::defineClass@4
  0x000001438b3b25e4: 1814 31ff 

  0x000001438b3b25e8: ;   {other}
  0x000001438b3b25e8: 0f1f 8400 | 5833 007c | ba97 ffff | ff48 8b6c | 2428 4c8b | 5424 304c | 8954 2428 | 448b 5424 
  0x000001438b3b2608: 3844 8954 | 2430 448b | 5c24 3c44 | 895c 2434 | 4c8b 5424 | 584c 8954 | 2438 4c8b | 5424 484c 
  0x000001438b3b2628: 8954 2440 | 4c8b 5424 | 504c 8954 | 2448 448b | 5c24 6044 | 895c 2450 

  0x000001438b3b2640: ;   {runtime_call UncommonTrapBlob}
  0x000001438b3b2640: 6666 90e8 

  0x000001438b3b2644: ; ImmutableOopMap {rbp=Oop [32]=Oop [40]=Oop [56]=Oop [64]=Oop [72]=Oop [80]=NarrowOop [100]=NarrowOop [104]=Oop }
                      ;*invokevirtual clone {reexecute=1 rethrow=0 return_oop=0}
                      ; - (reexecute) java.util.Arrays::copyOfRange@18
                      ; - java.lang.StringLatin1::newString@16
                      ; - java.lang.String::substring@41
                      ; - java.lang.ClassLoader::checkCerts@21
                      ; - java.lang.ClassLoader::preDefineClass@113
                      ; - java.lang.ClassLoader::defineClass@4
  0x000001438b3b2644: b813 31ff 

  0x000001438b3b2648: ;   {other}
  0x000001438b3b2648: 0f1f 8400 | b833 007d | baf4 ffff 

  0x000001438b3b2654: ;   {runtime_call UncommonTrapBlob}
  0x000001438b3b2654: ff66 90e8 

  0x000001438b3b2658: ; ImmutableOopMap {[32]=Oop [40]=Oop [48]=NarrowOop }
                      ;*checkcast {reexecute=0 rethrow=0 return_oop=0}
                      ; - java.security.CodeSource::getCertificates@76
                      ; - java.lang.ClassLoader::postDefineClass@24
                      ; - java.lang.ClassLoader::defineClass@37
  0x000001438b3b2658: a413 31ff 

  0x000001438b3b265c: ;   {other}
  0x000001438b3b265c: 0f1f 8400 | cc33 007e | ba97 ffff | ff48 8b6c 

  0x000001438b3b266c: ;   {runtime_call UncommonTrapBlob}
  0x000001438b3b266c: 2430 90e8 

  0x000001438b3b2670: ; ImmutableOopMap {rbp=Oop [32]=Oop [56]=NarrowOop }
                      ;*invokevirtual clone {reexecute=1 rethrow=0 return_oop=0}
                      ; - (reexecute) java.security.CodeSource::getCertificates@11
                      ; - java.lang.ClassLoader::postDefineClass@24
                      ; - java.lang.ClassLoader::defineClass@37
  0x000001438b3b2670: 8c13 31ff 

  0x000001438b3b2674: ;   {other}
  0x000001438b3b2674: 0f1f 8400 | e433 007f | ba97 ffff 

  0x000001438b3b2680: ;   {runtime_call UncommonTrapBlob}
  0x000001438b3b2680: ff66 90e8 

  0x000001438b3b2684: ; ImmutableOopMap {rbp=Oop [32]=Oop [48]=Oop [56]=NarrowOop [64]=Oop }
                      ;*invokevirtual clone {reexecute=1 rethrow=0 return_oop=0}
                      ; - (reexecute) java.util.Arrays::copyOfRange@18
                      ; - java.lang.StringLatin1::newString@16
                      ; - java.lang.String::substring@41
                      ; - java.lang.Class::getPackageName@62
                      ; - java.lang.ClassLoader::postDefineClass@2
                      ; - java.lang.ClassLoader::defineClass@37
  0x000001438b3b2684: 7813 31ff 

  0x000001438b3b2688: ;   {other}
  0x000001438b3b2688: 0f1f 8400 | f833 0080 | ba97 ffff | ff4c 8b54 | 2448 4c89 | 5424 404c | 8b54 2458 | 4c89 5424 
  0x000001438b3b26a8: ;   {runtime_call UncommonTrapBlob}
  0x000001438b3b26a8: 4866 90e8 

  0x000001438b3b26ac: ; ImmutableOopMap {rbp=Oop [32]=Oop [40]=Oop [48]=Oop [64]=Oop [72]=Oop [96]=Oop [104]=Oop }
                      ;*invokevirtual clone {reexecute=1 rethrow=0 return_oop=0}
                      ; - (reexecute) java.security.CodeSource::getCertificates@86
                      ; - java.lang.ClassLoader::checkCerts@34
                      ; - java.lang.ClassLoader::preDefineClass@113
                      ; - java.lang.ClassLoader::defineClass@4
  0x000001438b3b26ac: 5013 31ff 

  0x000001438b3b26b0: ;   {other}
  0x000001438b3b26b0: 0f1f 8400 | 2034 0081 | ba97 ffff 

  0x000001438b3b26bc: ;   {runtime_call UncommonTrapBlob}
  0x000001438b3b26bc: ff66 90e8 

  0x000001438b3b26c0: ; ImmutableOopMap {[32]=Oop [40]=Oop [64]=Oop }
                      ;*invokevirtual clone {reexecute=1 rethrow=0 return_oop=0}
                      ; - (reexecute) java.security.CodeSource::getCertificates@86
                      ; - java.lang.ClassLoader::postDefineClass@24
                      ; - java.lang.ClassLoader::defineClass@37
  0x000001438b3b26c0: 3c13 31ff 

  0x000001438b3b26c4: ;   {other}
  0x000001438b3b26c4: 0f1f 8400 | 3434 0082 | eb46 eb44 | eb42 eb40 | eb3e eb3c | eb3a eb38 | eb36 eb34 | eb32 eb30 
  0x000001438b3b26e4: eb2e eb2c | eb2a eb28 | eb26 eb24 | eb22 eb20 | eb1e eb1c | eb1a eb18 | eb16 eb14 | eb12 eb10 
  0x000001438b3b2704: eb0e eb0c | eb0a eb08 | eb06 eb04 | eb02 eb00 | 488b d0e9 | fdda ffff 

  0x000001438b3b271c: ;   {internal_word}
  0x000001438b3b271c: 49ba de02 | 3b8b 4301 | 0000 4d89 | 9768 0400 

  0x000001438b3b272c: ;   {runtime_call SafepointBlob}
  0x000001438b3b272c: 00e9 4e1f 

  0x000001438b3b2730: ;   {runtime_call StubRoutines (final stubs)}
  0x000001438b3b2730: 31ff e889 | 622f ffe9 | c2d0 ffff | f4f4 f4f4 
[Stub Code]
  0x000001438b3b2740: ;   {no_reloc}
  0x000001438b3b2740: 48bb 0000 | 0000 0000 

  0x000001438b3b2748: ;   {runtime_call nmethod}
  0x000001438b3b2748: 0000 e9fb 

  0x000001438b3b274c: ;   {static_stub}
  0x000001438b3b274c: ffff ff48 | bb00 0000 | 0000 0000 

  0x000001438b3b2758: ;   {runtime_call nmethod}
  0x000001438b3b2758: 00e9 fbff 

  0x000001438b3b275c: ;   {static_stub}
  0x000001438b3b275c: ffff 48bb | 0000 0000 | 0000 0000 

  0x000001438b3b2768: ;   {runtime_call nmethod}
  0x000001438b3b2768: e9fb ffff 

  0x000001438b3b276c: ;   {static_stub}
  0x000001438b3b276c: ff48 bb00 | 0000 0000 

  0x000001438b3b2774: ;   {runtime_call nmethod}
  0x000001438b3b2774: 0000 00e9 | fbff ffff 

  0x000001438b3b277c: ;   {static_stub}
  0x000001438b3b277c: 48bb 0000 | 0000 0000 

  0x000001438b3b2784: ;   {runtime_call nmethod}
  0x000001438b3b2784: 0000 e9fb 

  0x000001438b3b2788: ;   {static_stub}
  0x000001438b3b2788: ffff ff48 | bb00 0000 | 0000 0000 

  0x000001438b3b2794: ;   {runtime_call nmethod}
  0x000001438b3b2794: 00e9 fbff 

  0x000001438b3b2798: ;   {static_stub}
  0x000001438b3b2798: ffff 48bb | 0000 0000 | 0000 0000 

  0x000001438b3b27a4: ;   {runtime_call nmethod}
  0x000001438b3b27a4: e9fb ffff 

  0x000001438b3b27a8: ;   {static_stub}
  0x000001438b3b27a8: ff48 bb00 | 0000 0000 

  0x000001438b3b27b0: ;   {runtime_call nmethod}
  0x000001438b3b27b0: 0000 00e9 | fbff ffff 

  0x000001438b3b27b8: ;   {static_stub}
  0x000001438b3b27b8: 48bb 0000 | 0000 0000 

  0x000001438b3b27c0: ;   {runtime_call nmethod}
  0x000001438b3b27c0: 0000 e9fb 

  0x000001438b3b27c4: ;   {static_stub}
  0x000001438b3b27c4: ffff ff48 | bb00 0000 | 0000 0000 

  0x000001438b3b27d0: ;   {runtime_call nmethod}
  0x000001438b3b27d0: 00e9 fbff 

  0x000001438b3b27d4: ;   {static_stub}
  0x000001438b3b27d4: ffff 48bb | 0000 0000 | 0000 0000 

  0x000001438b3b27e0: ;   {runtime_call nmethod}
  0x000001438b3b27e0: e9fb ffff 

  0x000001438b3b27e4: ;   {static_stub}
  0x000001438b3b27e4: ff48 bb00 | 0000 0000 

  0x000001438b3b27ec: ;   {runtime_call nmethod}
  0x000001438b3b27ec: 0000 00e9 | fbff ffff 

  0x000001438b3b27f4: ;   {static_stub}
  0x000001438b3b27f4: 48bb 0000 | 0000 0000 

  0x000001438b3b27fc: ;   {runtime_call nmethod}
  0x000001438b3b27fc: 0000 e9fb 

  0x000001438b3b2800: ;   {static_stub}
  0x000001438b3b2800: ffff ff48 | bb00 0000 | 0000 0000 

  0x000001438b3b280c: ;   {runtime_call nmethod}
  0x000001438b3b280c: 00e9 fbff 

  0x000001438b3b2810: ;   {static_stub}
  0x000001438b3b2810: ffff 48bb | 0000 0000 | 0000 0000 

  0x000001438b3b281c: ;   {runtime_call nmethod}
  0x000001438b3b281c: e9fb ffff 

  0x000001438b3b2820: ;   {static_stub}
  0x000001438b3b2820: ff48 bb00 | 0000 0000 

  0x000001438b3b2828: ;   {runtime_call nmethod}
  0x000001438b3b2828: 0000 00e9 | fbff ffff 

  0x000001438b3b2830: ;   {static_stub}
  0x000001438b3b2830: 48bb 0000 | 0000 0000 

  0x000001438b3b2838: ;   {runtime_call nmethod}
  0x000001438b3b2838: 0000 e9fb 

  0x000001438b3b283c: ;   {static_stub}
  0x000001438b3b283c: ffff ff48 | bb00 0000 | 0000 0000 

  0x000001438b3b2848: ;   {runtime_call nmethod}
  0x000001438b3b2848: 00e9 fbff 

  0x000001438b3b284c: ;   {static_stub}
  0x000001438b3b284c: ffff 48bb | 0000 0000 | 0000 0000 

  0x000001438b3b2858: ;   {runtime_call nmethod}
  0x000001438b3b2858: e9fb ffff 

  0x000001438b3b285c: ;   {static_stub}
  0x000001438b3b285c: ff48 bb00 | 0000 0000 

  0x000001438b3b2864: ;   {runtime_call nmethod}
  0x000001438b3b2864: 0000 00e9 | fbff ffff 

  0x000001438b3b286c: ;   {static_stub}
  0x000001438b3b286c: 48bb 0000 | 0000 0000 

  0x000001438b3b2874: ;   {runtime_call nmethod}
  0x000001438b3b2874: 0000 e9fb 

  0x000001438b3b2878: ;   {static_stub}
  0x000001438b3b2878: ffff ff48 | bb00 0000 | 0000 0000 

  0x000001438b3b2884: ;   {runtime_call nmethod}
  0x000001438b3b2884: 00e9 fbff 

  0x000001438b3b2888: ;   {runtime_call ExceptionBlob}
  0x000001438b3b2888: ffff e971 | ff3b ffe8 | 0000 0000 | 4883 2c24 

  0x000001438b3b2898: ;   {runtime_call DeoptimizationBlob}
  0x000001438b3b2898: 05e9 0217 | 31ff f4f4 
[/MachCode]


Compiled method (c1) 17321706 2909   !   3       org.eclipse.osgi.internal.loader.ModuleClassLoader::defineClass (67 bytes)
 total in heap  [0x00000143836f0190,0x00000143836f0d70] = 3040
 relocation     [0x00000143836f02f0,0x00000143836f0398] = 168
 main code      [0x00000143836f03a0,0x00000143836f09a0] = 1536
 stub code      [0x00000143836f09a0,0x00000143836f0a10] = 112
 oops           [0x00000143836f0a10,0x00000143836f0a18] = 8
 metadata       [0x00000143836f0a18,0x00000143836f0a58] = 64
 scopes data    [0x00000143836f0a58,0x00000143836f0ba8] = 336
 scopes pcs     [0x00000143836f0ba8,0x00000143836f0cb8] = 272
 dependencies   [0x00000143836f0cb8,0x00000143836f0cd0] = 24
 handler table  [0x00000143836f0cd0,0x00000143836f0d48] = 120
 nul chk table  [0x00000143836f0d48,0x00000143836f0d70] = 40

[Constant Pool (empty)]

[MachCode]
[Entry Point]
  # {method} {0x00000143d95e2af8} 'defineClass' '(Ljava/lang/String;[BLorg/eclipse/osgi/internal/loader/classpath/ClasspathEntry;)Lorg/eclipse/osgi/internal/loader/ModuleClassLoader$DefineClassResult;' in 'org/eclipse/osgi/internal/loader/ModuleClassLoader'
  # this:     rdx:rdx   = 'org/eclipse/osgi/internal/loader/ModuleClassLoader'
  # parm0:    r8:r8     = 'java/lang/String'
  # parm1:    r9:r9     = '[B'
  # parm2:    rdi:rdi   = 'org/eclipse/osgi/internal/loader/classpath/ClasspathEntry'
  #           [sp+0xb0]  (sp of caller)
  0x00000143836f03a0: 448b 5208 | 49bb 0000 | 0097 4301 | 0000 4d03 | d34c 3bd0 

  0x00000143836f03b4: ;   {runtime_call ic_miss_stub}
  0x00000143836f03b4: 0f85 c6e0 | fc06 660f | 1f44 0000 
[Verified Entry Point]
  0x00000143836f03c0: 8984 2400 | 80ff ff55 | 4881 eca0 | 0000 0090 | 4181 7f20 | 0400 0000 

  0x00000143836f03d8: ;   {runtime_call StubRoutines (final stubs)}
  0x00000143836f03d8: 7405 e8e1 

  0x00000143836f03dc: ;   {metadata(method data for {method} {0x00000143d95e2af8} 'defineClass' '(Ljava/lang/String;[BLorg/eclipse/osgi/internal/loader/classpath/ClasspathEntry;)Lorg/eclipse/osgi/internal/loader/ModuleClassLoader$DefineClassResult;' in 'org/eclipse/osgi/internal/loader/ModuleClassLoader')}
  0x00000143836f03dc: 85fb 0648 | be50 fdae | d943 0100 | 008b 9ecc | 0000 0083 | c302 899e | cc00 0000 | 81e3 fe07 
  0x00000143836f03fc: 0000 85db | 0f84 5304 | 0000 4889 | 7c24 704c | 894c 2468 

  0x00000143836f0410: ;   {metadata(method data for {method} {0x00000143d95e2af8} 'defineClass' '(Ljava/lang/String;[BLorg/eclipse/osgi/internal/loader/classpath/ClasspathEntry;)Lorg/eclipse/osgi/internal/loader/ModuleClassLoader$DefineClassResult;' in 'org/eclipse/osgi/internal/loader/ModuleClassLoader')}
  0x00000143836f0410: 488b f248 | bb50 fdae | d943 0100 | 008b 7608 | 49ba 0000 | 0097 4301 | 0000 4903 | f248 3bb3 
  0x00000143836f0430: 2001 0000 | 750d 4883 | 8328 0100 | 0001 e960 | 0000 0048 | 3bb3 3001 | 0000 750d | 4883 8338 
  0x00000143836f0450: 0100 0001 | e94a 0000 | 0048 83bb | 2001 0000 | 0075 1748 | 89b3 2001 | 0000 48c7 | 8328 0100 
  0x00000143836f0470: 0001 0000 | 00e9 2900 | 0000 4883 | bb30 0100 | 0000 7517 | 4889 b330 | 0100 0048 | c783 3801 
  0x00000143836f0490: 0000 0100 | 0000 e908 | 0000 0048 | 8383 1001 

  0x00000143836f04a0: ;   {metadata(method data for {method} {0x00000143d95e3930} 'getClassLoadingLock' '(Ljava/lang/String;)Ljava/lang/Object;' in 'org/eclipse/osgi/internal/loader/ModuleClassLoader')}
  0x00000143836f04a0: 0000 0148 | be38 f9a1 | d943 0100 | 008b 9ecc | 0000 0083 | c302 899e | cc00 0000 | 81e3 feff 
  0x00000143836f04c0: 1f00 85db | 0f84 b003 | 0000 8b72 | 5048 3b06 

  0x00000143836f04d0: ;   {metadata(method data for {method} {0x00000143d95e3930} 'getClassLoadingLock' '(Ljava/lang/String;)Ljava/lang/Object;' in 'org/eclipse/osgi/internal/loader/ModuleClassLoader')}
  0x00000143836f04d0: 488b de48 | b838 f9a1 | d943 0100 | 0048 8380 | 1001 0000 | 0149 8bd8 | 4c8b c348 | 8954 2458 
  0x00000143836f04f0: 488b d648 | 895c 2460 | 0f1f 8000 

  0x00000143836f04fc: ;   {optimized virtual_call}
  0x00000143836f04fc: 0000 00e8 

  0x00000143836f0500: ; ImmutableOopMap {[88]=Oop [96]=Oop [104]=Oop [112]=Oop }
                      ;*invokevirtual getLock {reexecute=0 rethrow=0 return_oop=0}
                      ; - org.eclipse.osgi.internal.loader.ModuleClassLoader::getClassLoadingLock@5 (line 437)
                      ; - org.eclipse.osgi.internal.loader.ModuleClassLoader::defineClass@8 (line 312)
  0x00000143836f0500: 5ccb 5807 

  0x00000143836f0504: ;   {other}
  0x00000143836f0504: 0f1f 8400 | 7403 0000 | 4889 4424 | 7848 8d94 | 2480 0000 | 0048 8bf0 | 4889 7208 

  0x00000143836f0520: ; implicit exception: dispatches to 0x00000143836f08a0
  0x00000143836f0520: 488b 0648 | 83c8 0148 | 8902 f048 | 0fb1 160f | 8412 0000 | 0048 2bc4 | 4825 07f0 | ffff 4889 
  0x00000143836f0540: 020f 855e | 0300 0049 | ff87 5005 | 0000 488b 

  0x00000143836f0550: ;   {metadata(method data for {method} {0x00000143d95e2af8} 'defineClass' '(Ljava/lang/String;[BLorg/eclipse/osgi/internal/loader/classpath/ClasspathEntry;)Lorg/eclipse/osgi/internal/loader/ModuleClassLoader$DefineClassResult;' in 'org/eclipse/osgi/internal/loader/ModuleClassLoader')}
  0x00000143836f0550: 5424 5848 | be50 fdae | d943 0100 | 0048 8386 | 4801 0000 

  0x00000143836f0564: ;   {metadata(method data for {method} {0x0000014397434ed0} 'findLoadedClass' '(Ljava/lang/String;)Ljava/lang/Class;' in 'java/lang/ClassLoader')}
  0x00000143836f0564: 0148 bab8 | 9f27 d943 | 0100 008b | b2cc 0000 | 0083 c602 | 89b2 cc00 | 0000 81e6 | feff 1f00 
  0x00000143836f0584: 85f6 0f84 | 2c03 0000 

  0x00000143836f058c: ;   {metadata(method data for {method} {0x0000014397434ed0} 'findLoadedClass' '(Ljava/lang/String;)Ljava/lang/Class;' in 'java/lang/ClassLoader')}
  0x00000143836f058c: 48ba b89f | 27d9 4301 | 0000 4883 | 8210 0100 | 0001 488b | 5424 600f 

  0x00000143836f05a4: ;   {static_call}
  0x00000143836f05a4: 1f40 00e8 

  0x00000143836f05a8: ; ImmutableOopMap {[88]=Oop [96]=Oop [104]=Oop [112]=Oop [120]=Oop [136]=Oop }
                      ;*invokestatic checkName {reexecute=0 rethrow=0 return_oop=0}
                      ; - java.lang.ClassLoader::findLoadedClass@1
                      ; - org.eclipse.osgi.internal.loader.ModuleClassLoader::defineClass@17 (line 313)
  0x00000143836f05a8: 9412 7900 

  0x00000143836f05ac: ;   {other}
  0x00000143836f05ac: 0f1f 8400 | 1c04 0001 

  0x00000143836f05b4: ;   {metadata(method data for {method} {0x0000014397434ed0} 'findLoadedClass' '(Ljava/lang/String;)Ljava/lang/Class;' in 'java/lang/ClassLoader')}
  0x00000143836f05b4: 85c0 49b8 | b89f 27d9 | 4301 0000 | 48c7 c220 | 0100 0075 | 0748 c7c2 | 3001 0000 | 498b 3410 
  0x00000143836f05d4: 488d 7601 | 4989 3410 | 0f85 0f00 

  0x00000143836f05e0: ;   {oop(nullptr)}
  0x00000143836f05e0: 0000 48be | 0000 0000 | 0000 0000 | e936 0000 | 0048 8b54 

  0x00000143836f05f4: ;   {metadata(method data for {method} {0x0000014397434ed0} 'findLoadedClass' '(Ljava/lang/String;)Ljava/lang/Class;' in 'java/lang/ClassLoader')}
  0x00000143836f05f4: 2458 49b8 | b89f 27d9 | 4301 0000 | 4983 8040 | 0100 0001 | 4c8b 4424 | 6048 8b54 | 2458 0f1f 
  0x00000143836f0614: ;   {optimized virtual_call}
  0x00000143836f0614: 4400 00e8 

  0x00000143836f0618: ; ImmutableOopMap {[88]=Oop [96]=Oop [104]=Oop [112]=Oop [120]=Oop [136]=Oop }
                      ;*invokevirtual findLoadedClass0 {reexecute=0 rethrow=0 return_oop=0}
                      ; - java.lang.ClassLoader::findLoadedClass@11
                      ; - org.eclipse.osgi.internal.loader.ModuleClassLoader::defineClass@17 (line 313)
  0x00000143836f0618: 4473 5407 

  0x00000143836f061c: ;   {other}
  0x00000143836f061c: 0f1f 8400 | 8c04 0002 | 488b f048 

  0x00000143836f0628: ;   {metadata(method data for {method} {0x00000143d95e2af8} 'defineClass' '(Ljava/lang/String;[BLorg/eclipse/osgi/internal/loader/classpath/ClasspathEntry;)Lorg/eclipse/osgi/internal/loader/ModuleClassLoader$DefineClassResult;' in 'org/eclipse/osgi/internal/loader/ModuleClassLoader')}
  0x00000143836f0628: 85f6 49b8 | 50fd aed9 | 4301 0000 | 49c7 c190 | 0100 0074 | 0749 c7c1 | 8001 0000 | 4b8b 3c08 
  0x00000143836f0648: 488d 7f01 | 4b89 3c08 | 0f84 0e00 | 0000 488b | de41 b800 | 0000 00e9 | 6900 0000 | 488b 7c24 
  0x00000143836f0668: 704c 8b4c | 2468 4c8b | 4424 6048 | 8b54 2458 

  0x00000143836f0678: ; implicit exception: dispatches to 0x00000143836f08d9
  0x00000143836f0678: 418b 710c 

  0x00000143836f067c: ; implicit exception: dispatches to 0x00000143836f08de
  0x00000143836f067c: 483b 0748 

  0x00000143836f0680: ;   {metadata(method data for {method} {0x00000143d95e2af8} 'defineClass' '(Ljava/lang/String;[BLorg/eclipse/osgi/internal/loader/classpath/ClasspathEntry;)Lorg/eclipse/osgi/internal/loader/ModuleClassLoader$DefineClassResult;' in 'org/eclipse/osgi/internal/loader/ModuleClassLoader')}
  0x00000143836f0680: 8bcf 48bb | 50fd aed9 | 4301 0000 | 4883 83b8 | 0100 0001 | 8b4f 1048 

  0x00000143836f0698: ;   {metadata(method data for {method} {0x00000143d95e2af8} 'defineClass' '(Ljava/lang/String;[BLorg/eclipse/osgi/internal/loader/classpath/ClasspathEntry;)Lorg/eclipse/osgi/internal/loader/ModuleClassLoader$DefineClassResult;' in 'org/eclipse/osgi/internal/loader/ModuleClassLoader')}
  0x00000143836f0698: 8bfa 48bb | 50fd aed9 | 4301 0000 | 4883 83d8 | 0100 0001 | bf00 0000 | 0066 0f1f 

  0x00000143836f06b4: ;   {optimized virtual_call}
  0x00000143836f06b4: 4400 00e8 

  0x00000143836f06b8: ; ImmutableOopMap {[120]=Oop [136]=Oop }
                      ;*invokevirtual defineClass {reexecute=0 rethrow=0 return_oop=0}
                      ; - org.eclipse.osgi.internal.loader.ModuleClassLoader::defineClass@37 (line 315)
  0x00000143836f06b8: 24f1 cb07 

  0x00000143836f06bc: ;   {other}
  0x00000143836f06bc: 0f1f 8400 | 2c05 0003 | 488b d841 | b801 0000 | 0048 8d84 | 2480 0000 | 0048 8b10 | 4885 d20f 
  0x00000143836f06dc: 840f 0000 | 0048 8b70 | 08f0 480f | b116 0f85 | f301 0000 | 49ff 8f50 

  0x00000143836f06f4: ;   {metadata(method data for {method} {0x00000143d95e2af8} 'defineClass' '(Ljava/lang/String;[BLorg/eclipse/osgi/internal/loader/classpath/ClasspathEntry;)Lorg/eclipse/osgi/internal/loader/ModuleClassLoader$DefineClassResult;' in 'org/eclipse/osgi/internal/loader/ModuleClassLoader')}
  0x00000143836f06f4: 0500 0048 | ba50 fdae | d943 0100 | 00ff 8210 

  0x00000143836f0704: ;   {metadata('org/eclipse/osgi/internal/loader/ModuleClassLoader$DefineClassResult')}
  0x00000143836f0704: 0200 0048 | ba70 3212 | 9843 0100 | 0049 8b87 | b801 0000 | 488d 7818 | 493b bfc8 | 0100 000f 
  0x00000143836f0724: 87d0 0100 | 0049 89bf | b801 0000 | 48c7 0001 | 0000 0048 | 8bca 49ba | 0000 0097 | 4301 0000 
  0x00000143836f0744: 492b ca89 | 4808 4833 | c989 480c | 4833 c948 | 8948 1048 

  0x00000143836f0758: ;   {metadata(method data for {method} {0x00000143d95e2af8} 'defineClass' '(Ljava/lang/String;[BLorg/eclipse/osgi/internal/loader/classpath/ClasspathEntry;)Lorg/eclipse/osgi/internal/loader/ModuleClassLoader$DefineClassResult;' in 'org/eclipse/osgi/internal/loader/ModuleClassLoader')}
  0x00000143836f0758: 8bf0 48bf | 50fd aed9 | 4301 0000 | 4883 8728 | 0200 0001 

  0x00000143836f076c: ;   {metadata(method data for {method} {0x00000143d9813f20} '<init>' '(Ljava/lang/Class;Z)V' in 'org/eclipse/osgi/internal/loader/ModuleClassLoader$DefineClassResult')}
  0x00000143836f076c: 48be d875 | b0d9 4301 | 0000 8bbe | cc00 0000 | 83c7 0289 | becc 0000 | 0081 e7fe | ff1f 0085 
  0x00000143836f078c: ff0f 8473 | 0100 0048 

  0x00000143836f0794: ;   {metadata(method data for {method} {0x00000143d9813f20} '<init>' '(Ljava/lang/Class;Z)V' in 'org/eclipse/osgi/internal/loader/ModuleClassLoader$DefineClassResult')}
  0x00000143836f0794: 8bf0 48bf | d875 b0d9 | 4301 0000 | 4883 8710 | 0100 0001 

  0x00000143836f07a8: ;   {metadata(method data for {method} {0x00000143974748b8} '<init>' '()V' in 'java/lang/Object')}
  0x00000143836f07a8: 48be 9067 | 00d9 4301 | 0000 8bbe | cc00 0000 | 83c7 0289 | becc 0000 | 0081 e7fe | ff1f 0085 
  0x00000143836f07c8: ff0f 8458 | 0100 004c | 8bd3 4489 | 5010 488d | 3048 c1ee | 0948 bf00 | 007f fd43 | 0100 00c6 
  0x00000143836f07e8: 043e 0041 | 83e0 0144 | 8840 0c48 | 81c4 a000 

  0x00000143836f07f8: ;   {poll_return}
  0x00000143836f07f8: 0000 5d49 | 3ba7 5004 | 0000 0f87 | 4001 0000 | c349 8b87 | 0005 0000 | 4d33 d24d | 8997 0005 
  0x00000143836f0818: 0000 4d33 | d24d 8997 | 0805 0000 | 488b f048 | 8d84 2480 | 0000 0048 | 8b38 4885 | ff0f 840f 
  0x00000143836f0838: 0000 0048 | 8b58 08f0 | 480f b13b | 0f85 1401 | 0000 49ff | 8f50 0500 | 0048 8bc6 | e938 0100 
  0x00000143836f0858: ;   {metadata({method} {0x00000143d95e2af8} 'defineClass' '(Ljava/lang/String;[BLorg/eclipse/osgi/internal/loader/classpath/ClasspathEntry;)Lorg/eclipse/osgi/internal/loader/ModuleClassLoader$DefineClassResult;' in 'org/eclipse/osgi/internal/loader/ModuleClassLoader')}
  0x00000143836f0858: 0049 baf0 | 2a5e d943 | 0100 004c | 8954 2408 | 48c7 0424 | ffff ffff 

  0x00000143836f0870: ;   {runtime_call counter_overflow Runtime1 stub}
  0x00000143836f0870: e80b 1008 

  0x00000143836f0874: ; ImmutableOopMap {rdx=Oop r8=Oop r9=Oop rdi=Oop }
                      ;*synchronization entry
                      ; - org.eclipse.osgi.internal.loader.ModuleClassLoader::defineClass@-1 (line 310)
  0x00000143836f0874: 07e9 8cfb 

  0x00000143836f0878: ;   {metadata({method} {0x00000143d95e3930} 'getClassLoadingLock' '(Ljava/lang/String;)Ljava/lang/Object;' in 'org/eclipse/osgi/internal/loader/ModuleClassLoader')}
  0x00000143836f0878: ffff 49ba | 2839 5ed9 | 4301 0000 | 4c89 5424 | 0848 c704 | 24ff ffff 

  0x00000143836f0890: ;   {runtime_call counter_overflow Runtime1 stub}
  0x00000143836f0890: ffe8 ea0f 

  0x00000143836f0894: ; ImmutableOopMap {rdx=Oop r8=Oop [104]=Oop [112]=Oop }
                      ;*synchronization entry
                      ; - org.eclipse.osgi.internal.loader.ModuleClassLoader::getClassLoadingLock@-1 (line 437)
                      ; - org.eclipse.osgi.internal.loader.ModuleClassLoader::defineClass@8 (line 312)
  0x00000143836f0894: 0807 e92f 

  0x00000143836f0898: ;   {runtime_call throw_null_pointer_exception Runtime1 stub}
  0x00000143836f0898: fcff ffe8 

  0x00000143836f089c: ; ImmutableOopMap {rdx=Oop r8=Oop rsi=Oop [104]=Oop [112]=Oop }
                      ;*invokevirtual getLock {reexecute=0 rethrow=0 return_oop=0}
                      ; - org.eclipse.osgi.internal.loader.ModuleClassLoader::getClassLoadingLock@5 (line 437)
                      ; - org.eclipse.osgi.internal.loader.ModuleClassLoader::defineClass@8 (line 312)
  0x00000143836f089c: e0be 0707 

  0x00000143836f08a0: ;   {runtime_call throw_null_pointer_exception Runtime1 stub}
  0x00000143836f08a0: e8db be07 

  0x00000143836f08a4: ; ImmutableOopMap {rsi=Oop [88]=Oop [96]=Oop [104]=Oop [112]=Oop [120]=Oop }
                      ;*monitorenter {reexecute=0 rethrow=0 return_oop=0}
                      ; - org.eclipse.osgi.internal.loader.ModuleClassLoader::defineClass@14 (line 312)
  0x00000143836f08a4: 0748 8974 | 2408 4889 

  0x00000143836f08ac: ;   {runtime_call monitorenter_nofpu Runtime1 stub}
  0x00000143836f08ac: 1424 e8cd 

  0x00000143836f08b0: ; ImmutableOopMap {rsi=Oop [88]=Oop [96]=Oop [104]=Oop [112]=Oop [120]=Oop [136]=Oop }
                      ;*monitorenter {reexecute=0 rethrow=0 return_oop=0}
                      ; - org.eclipse.osgi.internal.loader.ModuleClassLoader::defineClass@14 (line 312)
  0x00000143836f08b0: ee07 07e9 | 96fc ffff 

  0x00000143836f08b8: ;   {metadata({method} {0x0000014397434ed0} 'findLoadedClass' '(Ljava/lang/String;)Ljava/lang/Class;' in 'java/lang/ClassLoader')}
  0x00000143836f08b8: 49ba c84e | 4397 4301 | 0000 4c89 | 5424 0848 | c704 24ff 

  0x00000143836f08cc: ;   {runtime_call counter_overflow Runtime1 stub}
  0x00000143836f08cc: ffff ffe8 

  0x00000143836f08d0: ; ImmutableOopMap {[88]=Oop [96]=Oop [104]=Oop [112]=Oop [120]=Oop [136]=Oop }
                      ;*synchronization entry
                      ; - java.lang.ClassLoader::findLoadedClass@-1
                      ; - org.eclipse.osgi.internal.loader.ModuleClassLoader::defineClass@17 (line 313)
  0x00000143836f08d0: ac0f 0807 | e9b3 fcff 

  0x00000143836f08d8: ;   {runtime_call throw_null_pointer_exception Runtime1 stub}
  0x00000143836f08d8: ffe8 a2be 

  0x00000143836f08dc: ; ImmutableOopMap {rdx=Oop r8=Oop r9=Oop rdi=Oop [120]=Oop [136]=Oop }
                      ;*arraylength {reexecute=0 rethrow=0 return_oop=0}
                      ; - org.eclipse.osgi.internal.loader.ModuleClassLoader::defineClass@32 (line 315)
                      ;   {runtime_call throw_null_pointer_exception Runtime1 stub}
  0x00000143836f08dc: 0707 e89d 

  0x00000143836f08e0: ; ImmutableOopMap {rdx=Oop r8=Oop r9=Oop rdi=Oop [120]=Oop [136]=Oop }
                      ;*invokevirtual getDomain {reexecute=0 rethrow=0 return_oop=0}
                      ; - org.eclipse.osgi.internal.loader.ModuleClassLoader::defineClass@34 (line 315)
  0x00000143836f08e0: be07 0748 | 8d84 2480 | 0000 0048 

  0x00000143836f08ec: ;   {runtime_call monitorexit_nofpu Runtime1 stub}
  0x00000143836f08ec: 8904 24e8 | 8cf4 0707 | e9fe fdff | ff48 8bd2 

  0x00000143836f08fc: ;   {runtime_call fast_new_instance Runtime1 stub}
  0x00000143836f08fc: e87f c707 

  0x00000143836f0900: ; ImmutableOopMap {rbx=Oop }
                      ;*new {reexecute=0 rethrow=0 return_oop=0}
                      ; - org.eclipse.osgi.internal.loader.ModuleClassLoader::defineClass@55 (line 319)
  0x00000143836f0900: 07e9 51fe 

  0x00000143836f0904: ;   {metadata({method} {0x00000143d9813f20} '<init>' '(Ljava/lang/Class;Z)V' in 'org/eclipse/osgi/internal/loader/ModuleClassLoader$DefineClassResult')}
  0x00000143836f0904: ffff 49ba | 183f 81d9 | 4301 0000 | 4c89 5424 | 0848 c704 | 24ff ffff 

  0x00000143836f091c: ;   {runtime_call counter_overflow Runtime1 stub}
  0x00000143836f091c: ffe8 5e0f 

  0x00000143836f0920: ; ImmutableOopMap {rbx=Oop rax=Oop }
                      ;*synchronization entry
                      ; - org.eclipse.osgi.internal.loader.ModuleClassLoader$DefineClassResult::<init>@-1 (line 96)
                      ; - org.eclipse.osgi.internal.loader.ModuleClassLoader::defineClass@63 (line 319)
  0x00000143836f0920: 0807 e96c 

  0x00000143836f0924: ;   {metadata({method} {0x00000143974748b8} '<init>' '()V' in 'java/lang/Object')}
  0x00000143836f0924: feff ff49 | bab0 4847 | 9743 0100 | 004c 8954 | 2408 48c7 | 0424 ffff 

  0x00000143836f093c: ;   {runtime_call counter_overflow Runtime1 stub}
  0x00000143836f093c: ffff e83d 

  0x00000143836f0940: ; ImmutableOopMap {rbx=Oop rax=Oop }
                      ;*synchronization entry
                      ; - java.lang.Object::<init>@-1
                      ; - org.eclipse.osgi.internal.loader.ModuleClassLoader$DefineClassResult::<init>@1 (line 96)
                      ; - org.eclipse.osgi.internal.loader.ModuleClassLoader::defineClass@63 (line 319)
  0x00000143836f0940: 0f08 07e9 | 87fe ffff 

  0x00000143836f0948: ;   {internal_word}
  0x00000143836f0948: 49ba fb07 | 6f83 4301 | 0000 4d89 | 9768 0400 

  0x00000143836f0958: ;   {runtime_call SafepointBlob}
  0x00000143836f0958: 00e9 223d | fd06 488d | 8424 8000 | 0000 4889 

  0x00000143836f0968: ;   {runtime_call monitorexit_nofpu Runtime1 stub}
  0x00000143836f0968: 0424 e811 | f407 07e9 | ddfe ffff | 498b 8700 | 0500 0049 | c787 0005 | 0000 0000 | 0000 49c7 
  0x00000143836f0988: 8708 0500 | 0000 0000 | 0048 81c4 | a000 0000 

  0x00000143836f0998: ;   {runtime_call unwind_exception Runtime1 stub}
  0x00000143836f0998: 5de9 e2ae | 0707 f4f4 
[Stub Code]
  0x00000143836f09a0: ;   {no_reloc}
  0x00000143836f09a0: 48bb 68e3 | 68d9 4301 

  0x00000143836f09a8: ;   {runtime_call I2C/C2I adapters}
  0x00000143836f09a8: 0000 e9b8 

  0x00000143836f09ac: ;   {static_stub}
  0x00000143836f09ac: 2dfd 0648 | bb00 0000 | 0000 0000 

  0x00000143836f09b8: ;   {runtime_call nmethod}
  0x00000143836f09b8: 00e9 fbff 

  0x00000143836f09bc: ;   {static_stub}
  0x00000143836f09bc: ffff 48bb | 0000 0000 | 0000 0000 

  0x00000143836f09c8: ;   {runtime_call nmethod}
  0x00000143836f09c8: e9fb ffff 

  0x00000143836f09cc: ;   {static_stub}
  0x00000143836f09cc: ff48 bb00 | 0000 0000 

  0x00000143836f09d4: ;   {runtime_call nmethod}
  0x00000143836f09d4: 0000 00e9 | fbff ffff 
[Exception Handler]
  0x00000143836f09dc: ;   {runtime_call handle_exception_from_callee Runtime1 stub}
  0x00000143836f09dc: e89f db07 

  0x00000143836f09e0: ;   {external_word}
  0x00000143836f09e0: 0748 b940 | 638b 22fd | 7f00 0048 

  0x00000143836f09ec: ;   {runtime_call}
  0x00000143836f09ec: 83e4 f048 | b8d0 c44d | 22fd 7f00 | 00ff d0f4 
[Deopt Handler Code]
  0x00000143836f09fc: ;   {section_word}
  0x00000143836f09fc: 49ba fc09 | 6f83 4301 | 0000 4152 

  0x00000143836f0a08: ;   {runtime_call DeoptimizationBlob}
  0x00000143836f0a08: e993 35fd | 06f4 f4f4 
[/MachCode]


---------------  P R O C E S S  ---------------

Threads class SMR info:
_java_thread_list=0x00000143e2048380, length=31, elements={
0x00000143fe24bc40, 0x00000143fe309510, 0x000001439627ffd0, 0x0000014396281e90,
0x0000014396282e20, 0x0000014396286200, 0x000001439628d630, 0x0000014396291810,
0x00000143962adf90, 0x00000143d8295700, 0x00000143d8382370, 0x00000143d8247f90,
0x00000143d896b7f0, 0x00000143d8602eb0, 0x00000143d8603520, 0x00000143d85d4850,
0x00000143d87d3fa0, 0x00000143d8662600, 0x00000143e042c950, 0x00000143e042af10,
0x00000143e0429b60, 0x00000143e042a880, 0x00000143e042c2c0, 0x00000143e1641370,
0x00000143e1642db0, 0x00000143e1642090, 0x00000143e1643440, 0x00000143e163ffc0,
0x00000143e1643ad0, 0x00000143e1640650, 0x00000143e1640ce0
}

Java Threads: ( => current thread )
  0x00000143fe24bc40 JavaThread "main"                              [_thread_blocked, id=15236, stack(0x0000003632a00000,0x0000003632b00000) (1024K)]
  0x00000143fe309510 JavaThread "Reference Handler"          daemon [_thread_blocked, id=8980, stack(0x0000003632e00000,0x0000003632f00000) (1024K)]
  0x000001439627ffd0 JavaThread "Finalizer"                  daemon [_thread_blocked, id=8628, stack(0x0000003632f00000,0x0000003633000000) (1024K)]
  0x0000014396281e90 JavaThread "Signal Dispatcher"          daemon [_thread_blocked, id=12748, stack(0x0000003633000000,0x0000003633100000) (1024K)]
  0x0000014396282e20 JavaThread "Attach Listener"            daemon [_thread_blocked, id=8368, stack(0x0000003633100000,0x0000003633200000) (1024K)]
  0x0000014396286200 JavaThread "Service Thread"             daemon [_thread_blocked, id=14556, stack(0x0000003633200000,0x0000003633300000) (1024K)]
  0x000001439628d630 JavaThread "Monitor Deflation Thread"   daemon [_thread_blocked, id=15040, stack(0x0000003633300000,0x0000003633400000) (1024K)]
  0x0000014396291810 JavaThread "C2 CompilerThread0"         daemon [_thread_blocked, id=14108, stack(0x0000003633400000,0x0000003633500000) (1024K)]
  0x00000143962adf90 JavaThread "C1 CompilerThread0"         daemon [_thread_blocked, id=15188, stack(0x0000003633500000,0x0000003633600000) (1024K)]
  0x00000143d8295700 JavaThread "Common-Cleaner"             daemon [_thread_blocked, id=13008, stack(0x0000003633600000,0x0000003633700000) (1024K)]
  0x00000143d8382370 JavaThread "Notification Thread"        daemon [_thread_blocked, id=15048, stack(0x0000003633700000,0x0000003633800000) (1024K)]
  0x00000143d8247f90 JavaThread "Active Thread: Equinox Container: 3caef159-066c-4491-bdd2-fcf3c9f29206"        [_thread_blocked, id=14832, stack(0x0000003633b00000,0x0000003633c00000) (1024K)]
  0x00000143d896b7f0 JavaThread "Refresh Thread: Equinox Container: 3caef159-066c-4491-bdd2-fcf3c9f29206" daemon [_thread_blocked, id=1280, stack(0x0000003633c00000,0x0000003633d00000) (1024K)]
  0x00000143d8602eb0 JavaThread "Framework Event Dispatcher: Equinox Container: 3caef159-066c-4491-bdd2-fcf3c9f29206" daemon [_thread_blocked, id=15260, stack(0x0000003633d00000,0x0000003633e00000) (1024K)]
  0x00000143d8603520 JavaThread "Start Level: Equinox Container: 3caef159-066c-4491-bdd2-fcf3c9f29206" daemon [_thread_blocked, id=15000, stack(0x0000003633e00000,0x0000003633f00000) (1024K)]
  0x00000143d85d4850 JavaThread "Bundle File Closer"         daemon [_thread_blocked, id=5536, stack(0x0000003633f00000,0x0000003634000000) (1024K)]
  0x00000143d87d3fa0 JavaThread "SCR Component Actor"        daemon [_thread_blocked, id=15212, stack(0x0000003634000000,0x0000003634100000) (1024K)]
  0x00000143d8662600 JavaThread "Worker-JM"                         [_thread_blocked, id=12856, stack(0x0000003634100000,0x0000003634200000) (1024K)]
  0x00000143e042c950 JavaThread "JNA Cleaner"                daemon [_thread_blocked, id=8372, stack(0x0000003634300000,0x0000003634400000) (1024K)]
  0x00000143e042af10 JavaThread "Worker-3"                          [_thread_blocked, id=11616, stack(0x0000003634600000,0x0000003634700000) (1024K)]
  0x00000143e0429b60 JavaThread "Java indexing"              daemon [_thread_blocked, id=11328, stack(0x0000003634700000,0x0000003634800000) (1024K)]
  0x00000143e042a880 JavaThread "Thread-1"                   daemon [_thread_in_native, id=7676, stack(0x0000003634b00000,0x0000003634c00000) (1024K)]
  0x00000143e042c2c0 JavaThread "Thread-2"                   daemon [_thread_in_native, id=14632, stack(0x0000003634c00000,0x0000003634d00000) (1024K)]
  0x00000143e1641370 JavaThread "Thread-3"                   daemon [_thread_in_native, id=14588, stack(0x0000003634d00000,0x0000003634e00000) (1024K)]
  0x00000143e1642db0 JavaThread "Thread-4"                   daemon [_thread_in_native, id=6624, stack(0x0000003634e00000,0x0000003634f00000) (1024K)]
  0x00000143e1642090 JavaThread "Thread-5"                   daemon [_thread_in_native, id=14968, stack(0x0000003634f00000,0x0000003635000000) (1024K)]
  0x00000143e1643440 JavaThread "pool-2-thread-1"                   [_thread_blocked, id=4280, stack(0x0000003635000000,0x0000003635100000) (1024K)]
  0x00000143e163ffc0 JavaThread "Worker-4"                          [_thread_blocked, id=15080, stack(0x0000003635100000,0x0000003635200000) (1024K)]
  0x00000143e1643ad0 JavaThread "WorkspaceEventsHandler"            [_thread_blocked, id=14032, stack(0x0000003635200000,0x0000003635300000) (1024K)]
  0x00000143e1640650 JavaThread "pool-1-thread-1"                   [_thread_blocked, id=14496, stack(0x0000003635300000,0x0000003635400000) (1024K)]
=>0x00000143e1640ce0 JavaThread "ForkJoinPool.commonPool-worker-6" daemon [_thread_in_vm, id=18708, stack(0x0000003632700000,0x0000003632800000) (1024K)]
Total: 31

Other Threads:
  0x000001439627ee70 VMThread "VM Thread"                           [id=2844, stack(0x0000003632d00000,0x0000003632e00000) (1024K)] _threads_hazard_ptr=0x00000143e2048380
  0x000001439621ca00 WatcherThread "VM Periodic Task Thread"        [id=5124, stack(0x0000003632c00000,0x0000003632d00000) (1024K)]
  0x00000143fe2697b0 WorkerThread "GC Thread#0"                     [id=13412, stack(0x0000003632b00000,0x0000003632c00000) (1024K)]
  0x00000143d8895650 WorkerThread "GC Thread#1"                     [id=14988, stack(0x0000003633800000,0x0000003633900000) (1024K)]
  0x00000143d83d2360 WorkerThread "GC Thread#2"                     [id=14984, stack(0x0000003633900000,0x0000003633a00000) (1024K)]
  0x00000143d83d2710 WorkerThread "GC Thread#3"                     [id=7124, stack(0x0000003633a00000,0x0000003633b00000) (1024K)]
Total: 6

Threads with active compile tasks:
Total: 0

VM state: synchronizing (normal execution)

VM Mutex/Monitor currently owned by a thread:  ([mutex/lock_event])
[0x00007ffd22b6d4f0] Metaspace_lock - owner thread: 0x00000143e1640ce0
[0x00007ffd22b6f570] Threads_lock - owner thread: 0x000001439627ee70

Heap address: 0x0000000080000000, size: 2048 MB, Compressed Oops mode: 32-bit

CDS archive(s) mapped at: [0x0000014397000000-0x0000014397ba0000-0x0000014397ba0000), size 12189696, SharedBaseAddress: 0x0000014397000000, ArchiveRelocationMode: 1.
Compressed class space mapped at: 0x0000014398000000-0x00000143d8000000, reserved size: 1073741824
Narrow klass base: 0x0000014397000000, Narrow klass shift: 0, Narrow klass range: 0x100000000

GC Precious Log:
 CardTable entry size: 512
 CPUs: 4 total, 4 available
 Memory: 8040M
 Large Page Support: Disabled
 NUMA Support: Disabled
 Compressed Oops: Enabled (32-bit)
 Alignments: Space 512K, Generation 512K, Heap 2M
 Heap Min Capacity: 100M
 Heap Initial Capacity: 100M
 Heap Max Capacity: 2G
 Pre-touch: Disabled
 Parallel Workers: 4

Heap:
 PSYoungGen      total 18944K, used 14658K [0x00000000d5580000, 0x00000000d6e80000, 0x0000000100000000)
  eden space 14336K, 72% used [0x00000000d5580000,0x00000000d5fa8650,0x00000000d6380000)
  from space 4608K, 92% used [0x00000000d6600000,0x00000000d6a284f8,0x00000000d6a80000)
  to   space 4096K, 0% used [0x00000000d6a80000,0x00000000d6a80000,0x00000000d6e80000)
 ParOldGen       total 127488K, used 127142K [0x0000000080000000, 0x0000000087c80000, 0x00000000d5580000)
  object space 127488K, 99% used [0x0000000080000000,0x0000000087c29bd0,0x0000000087c80000)
 Metaspace       used 71994K, committed 73408K, reserved 1179648K
  class space    used 7451K, committed 8064K, reserved 1048576K

Card table byte_map: [0x00000143fdbf0000,0x00000143fe000000] _byte_map_base: 0x00000143fd7f0000

Marking Bits: (ParMarkBitMap*) 0x00007ffd22b74460
 Begin Bits: [0x0000014392140000, 0x0000014394140000)
 End Bits:   [0x0000014394140000, 0x0000014396140000)

Polling page: 0x00000143fc070000

Metaspace:

Usage:
  Non-class:     63.03 MB used.
      Class:      7.28 MB used.
       Both:     70.31 MB used.

Virtual space:
  Non-class space:      128.00 MB reserved,      63.81 MB ( 50%) committed,  2 nodes.
      Class space:        1.00 GB reserved,       7.88 MB ( <1%) committed,  1 nodes.
             Both:        1.12 GB reserved,      71.69 MB (  6%) committed. 

Chunk freelists:
   Non-Class:  15.67 MB
       Class:  8.08 MB
        Both:  23.75 MB

MaxMetaspaceSize: unlimited
CompressedClassSpaceSize: 1.00 GB
Initial GC threshold: 21.00 MB
Current GC threshold: 97.31 MB
CDS: on
 - commit_granule_bytes: 65536.
 - commit_granule_words: 8192.
 - virtual_space_node_default_size: 8388608.
 - enlarge_chunks_in_place: 1.
 - use_allocation_guard: 0.


Internal statistics:

num_allocs_failed_limit: 9.
num_arena_births: 1314.
num_arena_deaths: 14.
num_vsnodes_births: 3.
num_vsnodes_deaths: 0.
num_space_committed: 1147.
num_space_uncommitted: 0.
num_chunks_returned_to_freelist: 23.
num_chunks_taken_from_freelist: 4646.
num_chunk_merges: 11.
num_chunk_splits: 2787.
num_chunks_enlarged: 1482.
num_inconsistent_stats: 0.

CodeHeap 'non-profiled nmethods': size=120000Kb used=11344Kb max_used=11344Kb free=108655Kb
 bounds [0x000001438ac10000, 0x000001438b730000, 0x0000014392140000]
CodeHeap 'profiled nmethods': size=120000Kb used=35339Kb max_used=35339Kb free=84660Kb
 bounds [0x0000014383140000, 0x00000143853d0000, 0x000001438a670000]
CodeHeap 'non-nmethods': size=5760Kb used=1460Kb max_used=1561Kb free=4299Kb
 bounds [0x000001438a670000, 0x000001438a8e0000, 0x000001438ac10000]
CodeCache: size=245760Kb, used=48143Kb, max_used=48244Kb, free=197614Kb
 total_blobs=14825, nmethods=14046, adapters=683, full_count=0
Compilation: enabled, stopped_count=0, restarted_count=0

Compilation events (20 events):
Event: 14936.974 Thread 0x00000143962adf90 14948   !   3       jdk.internal.ref.PhantomCleanable::isListEmpty (34 bytes)
Event: 14937.002 Thread 0x00000143962adf90 nmethod 14948 0x00000143853b9d10 code [0x00000143853b9ec0, 0x00000143853ba118]
Event: 14937.002 Thread 0x00000143962adf90 14949       3       jdk.internal.misc.InnocuousThread::eraseThreadLocals (23 bytes)
Event: 14937.024 Thread 0x00000143962adf90 nmethod 14949 0x00000143853ba210 code [0x00000143853ba3a0, 0x00000143853ba508]
Event: 15377.757 Thread 0x00000143962adf90 14950   !   3       org.eclipse.osgi.storage.Storage::save0 (246 bytes)
Event: 15377.981 Thread 0x00000143962adf90 nmethod 14950 0x00000143853ba590 code [0x00000143853baaa0, 0x00000143853bd688]
Event: 15649.406 Thread 0x0000014396291810 14951       4       java.util.HashMap$Node::setValue (12 bytes)
Event: 15649.421 Thread 0x0000014396291810 nmethod 14951 0x000001438b723910 code [0x000001438b723aa0, 0x000001438b723b48]
Event: 16176.570 Thread 0x0000014396291810 14952       4       java.util.concurrent.ThreadPoolExecutor::beforeExecute (1 bytes)
Event: 16176.578 Thread 0x0000014396291810 nmethod 14952 0x000001438b723c10 code [0x000001438b723da0, 0x000001438b723e28]
Event: 16549.531 Thread 0x00000143962adf90 14953       3       java.util.UUID::<init> (109 bytes)
Event: 16549.630 Thread 0x00000143962adf90 nmethod 14953 0x00000143853bec10 code [0x00000143853bede0, 0x00000143853bf130]
Event: 17314.242 Thread 0x00000143962adf90 14954       3       java.nio.DirectByteBuffer$Deallocator::<init> (41 bytes)
Event: 17314.317 Thread 0x00000143962adf90 nmethod 14954 0x00000143853bf310 code [0x00000143853bf4c0, 0x00000143853bf6a0]
Event: 17314.838 Thread 0x00000143962adf90 14955       3       com.google.gson.internal.bind.JsonTreeReader::nextString (99 bytes)
Event: 17314.927 Thread 0x00000143962adf90 nmethod 14955 0x00000143853bf790 code [0x00000143853bfb20, 0x00000143853c0dd8]
Event: 17314.927 Thread 0x00000143962adf90 14956       3       com.google.gson.JsonPrimitive::getAsString (84 bytes)
Event: 17314.963 Thread 0x00000143962adf90 nmethod 14956 0x00000143853c1490 code [0x00000143853c1780, 0x00000143853c27f8]
Event: 17316.085 Thread 0x00000143962adf90 14957       1       org.eclipse.osgi.internal.framework.EquinoxBundle$SystemBundle$EquinoxSystemModule::getBundle (5 bytes)
Event: 17316.102 Thread 0x00000143962adf90 nmethod 14957 0x000001438b723f10 code [0x000001438b7240a0, 0x000001438b724168]

GC Heap History (20 events):
Event: 112.873 GC heap before
{Heap before GC invocations=95 (full 3):
 PSYoungGen      total 18432K, used 18348K [0x00000000d5580000, 0x00000000d6a80000, 0x0000000100000000)
  eden space 16384K, 100% used [0x00000000d5580000,0x00000000d6580000,0x00000000d6580000)
  from space 2048K, 95% used [0x00000000d6580000,0x00000000d676b298,0x00000000d6780000)
  to   space 2560K, 0% used [0x00000000d6800000,0x00000000d6800000,0x00000000d6a80000)
 ParOldGen       total 101888K, used 101378K [0x0000000080000000, 0x0000000086380000, 0x00000000d5580000)
  object space 101888K, 99% used [0x0000000080000000,0x0000000086300a28,0x0000000086380000)
 Metaspace       used 70613K, committed 72064K, reserved 1114112K
  class space    used 7344K, committed 8000K, reserved 1048576K
}
Event: 112.880 GC heap after
{Heap after GC invocations=95 (full 3):
 PSYoungGen      total 17920K, used 1184K [0x00000000d5580000, 0x00000000d6980000, 0x0000000100000000)
  eden space 16384K, 0% used [0x00000000d5580000,0x00000000d5580000,0x00000000d6580000)
  from space 1536K, 77% used [0x00000000d6800000,0x00000000d6928060,0x00000000d6980000)
  to   space 1536K, 0% used [0x00000000d6680000,0x00000000d6680000,0x00000000d6800000)
 ParOldGen       total 103424K, used 103333K [0x0000000080000000, 0x0000000086500000, 0x00000000d5580000)
  object space 103424K, 99% used [0x0000000080000000,0x00000000864e96d0,0x0000000086500000)
 Metaspace       used 70613K, committed 72064K, reserved 1114112K
  class space    used 7344K, committed 8000K, reserved 1048576K
}
Event: 113.663 GC heap before
{Heap before GC invocations=96 (full 3):
 PSYoungGen      total 17920K, used 17568K [0x00000000d5580000, 0x00000000d6980000, 0x0000000100000000)
  eden space 16384K, 100% used [0x00000000d5580000,0x00000000d6580000,0x00000000d6580000)
  from space 1536K, 77% used [0x00000000d6800000,0x00000000d6928060,0x00000000d6980000)
  to   space 1536K, 0% used [0x00000000d6680000,0x00000000d6680000,0x00000000d6800000)
 ParOldGen       total 103424K, used 103333K [0x0000000080000000, 0x0000000086500000, 0x00000000d5580000)
  object space 103424K, 99% used [0x0000000080000000,0x00000000864e96d0,0x0000000086500000)
 Metaspace       used 70835K, committed 72320K, reserved 1114112K
  class space    used 7344K, committed 8000K, reserved 1048576K
}
Event: 113.671 GC heap after
{Heap after GC invocations=96 (full 3):
 PSYoungGen      total 17920K, used 1516K [0x00000000d5580000, 0x00000000d6c80000, 0x0000000100000000)
  eden space 16384K, 0% used [0x00000000d5580000,0x00000000d5580000,0x00000000d6580000)
  from space 1536K, 98% used [0x00000000d6680000,0x00000000d67fb030,0x00000000d6800000)
  to   space 3584K, 0% used [0x00000000d6900000,0x00000000d6900000,0x00000000d6c80000)
 ParOldGen       total 104960K, used 104933K [0x0000000080000000, 0x0000000086680000, 0x00000000d5580000)
  object space 104960K, 99% used [0x0000000080000000,0x0000000086679790,0x0000000086680000)
 Metaspace       used 70835K, committed 72320K, reserved 1114112K
  class space    used 7344K, committed 8000K, reserved 1048576K
}
Event: 113.928 GC heap before
{Heap before GC invocations=97 (full 3):
 PSYoungGen      total 17920K, used 17900K [0x00000000d5580000, 0x00000000d6c80000, 0x0000000100000000)
  eden space 16384K, 100% used [0x00000000d5580000,0x00000000d6580000,0x00000000d6580000)
  from space 1536K, 98% used [0x00000000d6680000,0x00000000d67fb030,0x00000000d6800000)
  to   space 3584K, 0% used [0x00000000d6900000,0x00000000d6900000,0x00000000d6c80000)
 ParOldGen       total 104960K, used 104933K [0x0000000080000000, 0x0000000086680000, 0x00000000d5580000)
  object space 104960K, 99% used [0x0000000080000000,0x0000000086679790,0x0000000086680000)
 Metaspace       used 70857K, committed 72384K, reserved 1114112K
  class space    used 7344K, committed 8000K, reserved 1048576K
}
Event: 113.937 GC heap after
{Heap after GC invocations=97 (full 3):
 PSYoungGen      total 18432K, used 1636K [0x00000000d5580000, 0x00000000d6b00000, 0x0000000100000000)
  eden space 16384K, 0% used [0x00000000d5580000,0x00000000d5580000,0x00000000d6580000)
  from space 2048K, 79% used [0x00000000d6900000,0x00000000d6a991f8,0x00000000d6b00000)
  to   space 2560K, 0% used [0x00000000d6600000,0x00000000d6600000,0x00000000d6880000)
 ParOldGen       total 106496K, used 106451K [0x0000000080000000, 0x0000000086800000, 0x00000000d5580000)
  object space 106496K, 99% used [0x0000000080000000,0x00000000867f4f30,0x0000000086800000)
 Metaspace       used 70857K, committed 72384K, reserved 1114112K
  class space    used 7344K, committed 8000K, reserved 1048576K
}
Event: 114.366 GC heap before
{Heap before GC invocations=98 (full 3):
 PSYoungGen      total 18432K, used 18020K [0x00000000d5580000, 0x00000000d6b00000, 0x0000000100000000)
  eden space 16384K, 100% used [0x00000000d5580000,0x00000000d6580000,0x00000000d6580000)
  from space 2048K, 79% used [0x00000000d6900000,0x00000000d6a991f8,0x00000000d6b00000)
  to   space 2560K, 0% used [0x00000000d6600000,0x00000000d6600000,0x00000000d6880000)
 ParOldGen       total 106496K, used 106451K [0x0000000080000000, 0x0000000086800000, 0x00000000d5580000)
  object space 106496K, 99% used [0x0000000080000000,0x00000000867f4f30,0x0000000086800000)
 Metaspace       used 70921K, committed 72448K, reserved 1114112K
  class space    used 7346K, committed 8000K, reserved 1048576K
}
Event: 114.375 GC heap after
{Heap after GC invocations=98 (full 3):
 PSYoungGen      total 18432K, used 1860K [0x00000000d5580000, 0x00000000d6980000, 0x0000000100000000)
  eden space 16384K, 0% used [0x00000000d5580000,0x00000000d5580000,0x00000000d6580000)
  from space 2048K, 90% used [0x00000000d6600000,0x00000000d67d1230,0x00000000d6800000)
  to   space 1536K, 0% used [0x00000000d6800000,0x00000000d6800000,0x00000000d6980000)
 ParOldGen       total 108032K, used 107986K [0x0000000080000000, 0x0000000086980000, 0x00000000d5580000)
  object space 108032K, 99% used [0x0000000080000000,0x0000000086974838,0x0000000086980000)
 Metaspace       used 70921K, committed 72448K, reserved 1114112K
  class space    used 7346K, committed 8000K, reserved 1048576K
}
Event: 114.963 GC heap before
{Heap before GC invocations=99 (full 3):
 PSYoungGen      total 18432K, used 18244K [0x00000000d5580000, 0x00000000d6980000, 0x0000000100000000)
  eden space 16384K, 100% used [0x00000000d5580000,0x00000000d6580000,0x00000000d6580000)
  from space 2048K, 90% used [0x00000000d6600000,0x00000000d67d1230,0x00000000d6800000)
  to   space 1536K, 0% used [0x00000000d6800000,0x00000000d6800000,0x00000000d6980000)
 ParOldGen       total 108032K, used 107986K [0x0000000080000000, 0x0000000086980000, 0x00000000d5580000)
  object space 108032K, 99% used [0x0000000080000000,0x0000000086974838,0x0000000086980000)
 Metaspace       used 70949K, committed 72448K, reserved 1114112K
  class space    used 7347K, committed 8000K, reserved 1048576K
}
Event: 114.972 GC heap after
{Heap after GC invocations=99 (full 3):
 PSYoungGen      total 15872K, used 1528K [0x00000000d5580000, 0x00000000d6e80000, 0x0000000100000000)
  eden space 14336K, 0% used [0x00000000d5580000,0x00000000d5580000,0x00000000d6380000)
  from space 1536K, 99% used [0x00000000d6800000,0x00000000d697e0c0,0x00000000d6980000)
  to   space 4608K, 0% used [0x00000000d6380000,0x00000000d6380000,0x00000000d6800000)
 ParOldGen       total 110592K, used 110231K [0x0000000080000000, 0x0000000086c00000, 0x00000000d5580000)
  object space 110592K, 99% used [0x0000000080000000,0x0000000086ba5f50,0x0000000086c00000)
 Metaspace       used 70949K, committed 72448K, reserved 1114112K
  class space    used 7347K, committed 8000K, reserved 1048576K
}
Event: 115.259 GC heap before
{Heap before GC invocations=100 (full 3):
 PSYoungGen      total 15872K, used 15864K [0x00000000d5580000, 0x00000000d6e80000, 0x0000000100000000)
  eden space 14336K, 100% used [0x00000000d5580000,0x00000000d6380000,0x00000000d6380000)
  from space 1536K, 99% used [0x00000000d6800000,0x00000000d697e0c0,0x00000000d6980000)
  to   space 4608K, 0% used [0x00000000d6380000,0x00000000d6380000,0x00000000d6800000)
 ParOldGen       total 110592K, used 110231K [0x0000000080000000, 0x0000000086c00000, 0x00000000d5580000)
  object space 110592K, 99% used [0x0000000080000000,0x0000000086ba5f50,0x0000000086c00000)
 Metaspace       used 70974K, committed 72448K, reserved 1114112K
  class space    used 7347K, committed 8000K, reserved 1048576K
}
Event: 115.267 GC heap after
{Heap after GC invocations=100 (full 3):
 PSYoungGen      total 16384K, used 1828K [0x00000000d5580000, 0x00000000d6880000, 0x0000000100000000)
  eden space 14336K, 0% used [0x00000000d5580000,0x00000000d5580000,0x00000000d6380000)
  from space 2048K, 89% used [0x00000000d6380000,0x00000000d6549070,0x00000000d6580000)
  to   space 2560K, 0% used [0x00000000d6600000,0x00000000d6600000,0x00000000d6880000)
 ParOldGen       total 112128K, used 111740K [0x0000000080000000, 0x0000000086d80000, 0x00000000d5580000)
  object space 112128K, 99% used [0x0000000080000000,0x0000000086d1f320,0x0000000086d80000)
 Metaspace       used 70974K, committed 72448K, reserved 1114112K
  class space    used 7347K, committed 8000K, reserved 1048576K
}
Event: 2703.158 GC heap before
{Heap before GC invocations=101 (full 3):
 PSYoungGen      total 16384K, used 15973K [0x00000000d5580000, 0x00000000d6880000, 0x0000000100000000)
  eden space 14336K, 98% used [0x00000000d5580000,0x00000000d6350418,0x00000000d6380000)
  from space 2048K, 89% used [0x00000000d6380000,0x00000000d6549070,0x00000000d6580000)
  to   space 2560K, 0% used [0x00000000d6600000,0x00000000d6600000,0x00000000d6880000)
 ParOldGen       total 112128K, used 111740K [0x0000000080000000, 0x0000000086d80000, 0x00000000d5580000)
  object space 112128K, 99% used [0x0000000080000000,0x0000000086d1f320,0x0000000086d80000)
 Metaspace       used 71615K, committed 73024K, reserved 1179648K
  class space    used 7406K, committed 8064K, reserved 1048576K
}
Event: 2703.806 GC heap after
{Heap after GC invocations=101 (full 3):
 PSYoungGen      total 15872K, used 1209K [0x00000000d5580000, 0x00000000d6780000, 0x0000000100000000)
  eden space 14336K, 0% used [0x00000000d5580000,0x00000000d5580000,0x00000000d6380000)
  from space 1536K, 78% used [0x00000000d6600000,0x00000000d672e608,0x00000000d6780000)
  to   space 2048K, 0% used [0x00000000d6380000,0x00000000d6380000,0x00000000d6580000)
 ParOldGen       total 113664K, used 113382K [0x0000000080000000, 0x0000000086f00000, 0x00000000d5580000)
  object space 113664K, 99% used [0x0000000080000000,0x0000000086eb9888,0x0000000086f00000)
 Metaspace       used 71615K, committed 73024K, reserved 1179648K
  class space    used 7406K, committed 8064K, reserved 1048576K
}
Event: 2707.430 GC heap before
{Heap before GC invocations=102 (full 3):
 PSYoungGen      total 15872K, used 15545K [0x00000000d5580000, 0x00000000d6780000, 0x0000000100000000)
  eden space 14336K, 100% used [0x00000000d5580000,0x00000000d6380000,0x00000000d6380000)
  from space 1536K, 78% used [0x00000000d6600000,0x00000000d672e608,0x00000000d6780000)
  to   space 2048K, 0% used [0x00000000d6380000,0x00000000d6380000,0x00000000d6580000)
 ParOldGen       total 113664K, used 113382K [0x0000000080000000, 0x0000000086f00000, 0x00000000d5580000)
  object space 113664K, 99% used [0x0000000080000000,0x0000000086eb9888,0x0000000086f00000)
 Metaspace       used 71735K, committed 73216K, reserved 1179648K
  class space    used 7415K, committed 8064K, reserved 1048576K
}
Event: 2707.460 GC heap after
{Heap after GC invocations=102 (full 3):
 PSYoungGen      total 16384K, used 2028K [0x00000000d5580000, 0x00000000d7880000, 0x0000000100000000)
  eden space 14336K, 0% used [0x00000000d5580000,0x00000000d5580000,0x00000000d6380000)
  from space 2048K, 99% used [0x00000000d6380000,0x00000000d657b2f0,0x00000000d6580000)
  to   space 10752K, 0% used [0x00000000d6e00000,0x00000000d6e00000,0x00000000d7880000)
 ParOldGen       total 120832K, used 120337K [0x0000000080000000, 0x0000000087600000, 0x00000000d5580000)
  object space 120832K, 99% used [0x0000000080000000,0x0000000087584740,0x0000000087600000)
 Metaspace       used 71735K, committed 73216K, reserved 1179648K
  class space    used 7415K, committed 8064K, reserved 1048576K
}
Event: 2709.544 GC heap before
{Heap before GC invocations=103 (full 3):
 PSYoungGen      total 16384K, used 16364K [0x00000000d5580000, 0x00000000d7880000, 0x0000000100000000)
  eden space 14336K, 100% used [0x00000000d5580000,0x00000000d6380000,0x00000000d6380000)
  from space 2048K, 99% used [0x00000000d6380000,0x00000000d657b2f0,0x00000000d6580000)
  to   space 10752K, 0% used [0x00000000d6e00000,0x00000000d6e00000,0x00000000d7880000)
 ParOldGen       total 120832K, used 120337K [0x0000000080000000, 0x0000000087600000, 0x00000000d5580000)
  object space 120832K, 99% used [0x0000000080000000,0x0000000087584740,0x0000000087600000)
 Metaspace       used 71740K, committed 73216K, reserved 1179648K
  class space    used 7415K, committed 8064K, reserved 1048576K
}
Event: 2709.563 GC heap after
{Heap after GC invocations=103 (full 3):
 PSYoungGen      total 19456K, used 4888K [0x00000000d5580000, 0x00000000d7300000, 0x0000000100000000)
  eden space 14336K, 0% used [0x00000000d5580000,0x00000000d5580000,0x00000000d6380000)
  from space 5120K, 95% used [0x00000000d6e00000,0x00000000d72c6148,0x00000000d7300000)
  to   space 6656K, 0% used [0x00000000d6600000,0x00000000d6600000,0x00000000d6c80000)
 ParOldGen       total 122368K, used 122347K [0x0000000080000000, 0x0000000087780000, 0x00000000d5580000)
  object space 122368K, 99% used [0x0000000080000000,0x000000008777ae70,0x0000000087780000)
 Metaspace       used 71740K, committed 73216K, reserved 1179648K
  class space    used 7415K, committed 8064K, reserved 1048576K
}
Event: 2711.509 GC heap before
{Heap before GC invocations=104 (full 3):
 PSYoungGen      total 19456K, used 19224K [0x00000000d5580000, 0x00000000d7300000, 0x0000000100000000)
  eden space 14336K, 100% used [0x00000000d5580000,0x00000000d6380000,0x00000000d6380000)
  from space 5120K, 95% used [0x00000000d6e00000,0x00000000d72c6148,0x00000000d7300000)
  to   space 6656K, 0% used [0x00000000d6600000,0x00000000d6600000,0x00000000d6c80000)
 ParOldGen       total 122368K, used 122347K [0x0000000080000000, 0x0000000087780000, 0x00000000d5580000)
  object space 122368K, 99% used [0x0000000080000000,0x000000008777ae70,0x0000000087780000)
 Metaspace       used 71860K, committed 73280K, reserved 1179648K
  class space    used 7442K, committed 8064K, reserved 1048576K
}
Event: 2711.539 GC heap after
{Heap after GC invocations=104 (full 3):
 PSYoungGen      total 18944K, used 4257K [0x00000000d5580000, 0x00000000d6e80000, 0x0000000100000000)
  eden space 14336K, 0% used [0x00000000d5580000,0x00000000d5580000,0x00000000d6380000)
  from space 4608K, 92% used [0x00000000d6600000,0x00000000d6a284f8,0x00000000d6a80000)
  to   space 4096K, 0% used [0x00000000d6a80000,0x00000000d6a80000,0x00000000d6e80000)
 ParOldGen       total 127488K, used 127142K [0x0000000080000000, 0x0000000087c80000, 0x00000000d5580000)
  object space 127488K, 99% used [0x0000000080000000,0x0000000087c29bd0,0x0000000087c80000)
 Metaspace       used 71860K, committed 73280K, reserved 1179648K
  class space    used 7442K, committed 8064K, reserved 1048576K
}

Dll operation events (12 events):
Event: 0.070 Loaded shared library c:\Users\nadège.djossou\.vscode\extensions\redhat.java-1.55.0-win32-x64\jre\21.0.11-win32-x86_64\bin\java.dll
Event: 0.378 Loaded shared library c:\Users\nadège.djossou\.vscode\extensions\redhat.java-1.55.0-win32-x64\jre\21.0.11-win32-x86_64\bin\zip.dll
Event: 0.499 Loaded shared library C:\Users\nadège.djossou\.vscode\extensions\redhat.java-1.55.0-win32-x64\jre\21.0.11-win32-x86_64\bin\instrument.dll
Event: 0.526 Loaded shared library C:\Users\nadège.djossou\.vscode\extensions\redhat.java-1.55.0-win32-x64\jre\21.0.11-win32-x86_64\bin\net.dll
Event: 0.539 Loaded shared library C:\Users\nadège.djossou\.vscode\extensions\redhat.java-1.55.0-win32-x64\jre\21.0.11-win32-x86_64\bin\nio.dll
Event: 0.552 Loaded shared library C:\Users\nadège.djossou\.vscode\extensions\redhat.java-1.55.0-win32-x64\jre\21.0.11-win32-x86_64\bin\zip.dll
Event: 0.631 Loaded shared library C:\Users\nadège.djossou\.vscode\extensions\redhat.java-1.55.0-win32-x64\jre\21.0.11-win32-x86_64\bin\jimage.dll
Event: 1.205 Loaded shared library c:\Users\nadège.djossou\.vscode\extensions\redhat.java-1.55.0-win32-x64\jre\21.0.11-win32-x86_64\bin\verify.dll
Event: 14.790 Loaded shared library C:\Users\nadège.djossou\AppData\Roaming\Code\User\globalStorage\redhat.java\1.55.0\config_win\org.eclipse.equinox.launcher\org.eclipse.equinox.launcher.win32.win32.x86_64_1.3.100.v20260613-0559\eclipse_11924.dll
Event: 30.762 Loaded shared library C:\Users\nadège.djossou\AppData\Local\Temp\jna-901651606\jna1631562574729514830.dll
Event: 46.769 Loaded shared library C:\Users\nadège.djossou\.vscode\extensions\redhat.java-1.55.0-win32-x64\jre\21.0.11-win32-x86_64\bin\sunmscapi.dll
Event: 51.294 Loaded shared library C:\Users\nadège.djossou\.vscode\extensions\redhat.java-1.55.0-win32-x64\jre\21.0.11-win32-x86_64\bin\extnet.dll

Deoptimization events (20 events):
Event: 2710.837 Thread 0x00000143e1641a00 Uncommon trap: trap_request=0xffffffbe fr.pc=0x000001438b6b3708 relative=0x0000000000000068
Event: 2710.837 Thread 0x00000143e1641a00 Uncommon trap: reason=profile_predicate action=maybe_recompile pc=0x000001438b6b3708 method=jdk.nio.zipfs.ZipPath.getResolved()[B @ 8 c2
Event: 2710.837 Thread 0x00000143e1641a00 DEOPT PACKING pc=0x000001438b6b3708 sp=0x00000036327fd680
Event: 2710.837 Thread 0x00000143e1641a00 DEOPT UNPACKING pc=0x000001438a6c3a9c sp=0x00000036327fd608 mode 2
Event: 2710.837 Thread 0x00000143e1641a00 Uncommon trap: trap_request=0xffffffbe fr.pc=0x000001438b6b3708 relative=0x0000000000000068
Event: 2710.837 Thread 0x00000143e1641a00 Uncommon trap: reason=profile_predicate action=maybe_recompile pc=0x000001438b6b3708 method=jdk.nio.zipfs.ZipPath.getResolved()[B @ 8 c2
Event: 2710.838 Thread 0x00000143e1641a00 DEOPT PACKING pc=0x000001438b6b3708 sp=0x00000036327fd680
Event: 2710.838 Thread 0x00000143e1641a00 DEOPT UNPACKING pc=0x000001438a6c3a9c sp=0x00000036327fd608 mode 2
Event: 2712.613 Thread 0x00000143e1641a00 Uncommon trap: trap_request=0xffffff45 fr.pc=0x000001438b450b54 relative=0x0000000000000534
Event: 2712.613 Thread 0x00000143e1641a00 Uncommon trap: reason=unstable_if action=reinterpret pc=0x000001438b450b54 method=org.eclipse.jdt.internal.compiler.lookup.TypeSystem.getUnannotatedType(Lorg/eclipse/jdt/internal/compiler/lookup/TypeBinding;)Lorg/eclipse/jdt/internal/compiler/lookup/TypeB
Event: 2712.613 Thread 0x00000143e1641a00 DEOPT PACKING pc=0x000001438b450b54 sp=0x00000036327fb660
Event: 2712.613 Thread 0x00000143e1641a00 DEOPT UNPACKING pc=0x000001438a6c3a9c sp=0x00000036327fb610 mode 2
Event: 2712.613 Thread 0x00000143e1641a00 Uncommon trap: trap_request=0xffffff45 fr.pc=0x000001438b620994 relative=0x0000000000001774
Event: 2712.613 Thread 0x00000143e1641a00 Uncommon trap: reason=unstable_if action=reinterpret pc=0x000001438b620994 method=org.eclipse.jdt.internal.compiler.lookup.AnnotatableTypeSystem.haveTypeAnnotations(Lorg/eclipse/jdt/internal/compiler/lookup/TypeBinding;Lorg/eclipse/jdt/internal/compiler/l
Event: 2712.613 Thread 0x00000143e1641a00 DEOPT PACKING pc=0x000001438b620994 sp=0x00000036327fb7c0
Event: 2712.613 Thread 0x00000143e1641a00 DEOPT UNPACKING pc=0x000001438a6c3a9c sp=0x00000036327fb788 mode 2
Event: 2713.410 Thread 0x00000143e1641a00 Uncommon trap: trap_request=0xffffff45 fr.pc=0x000001438b3e9844 relative=0x00000000000000a4
Event: 2713.410 Thread 0x00000143e1641a00 Uncommon trap: reason=unstable_if action=reinterpret pc=0x000001438b3e9844 method=lombok.core.configuration.FileSystemSourceCache.cacheClear()V @ 16 c2
Event: 2713.410 Thread 0x00000143e1641a00 DEOPT PACKING pc=0x000001438b3e9844 sp=0x00000036327fd390
Event: 2713.410 Thread 0x00000143e1641a00 DEOPT UNPACKING pc=0x000001438a6c3a9c sp=0x00000036327fd330 mode 2

Classes loaded (20 events):
Event: 101.382 Loading class java/util/stream/ReduceOps$4ReducingSink
Event: 101.382 Loading class java/util/stream/ReduceOps$4ReducingSink done
Event: 111.378 Loading class java/lang/StringLatin1$LinesSpliterator
Event: 111.378 Loading class java/lang/StringLatin1$LinesSpliterator done
Event: 2702.834 Loading class java/nio/file/attribute/PosixFileAttributes
Event: 2702.838 Loading class java/nio/file/attribute/PosixFileAttributes done
Event: 2703.103 Loading class java/nio/file/attribute/PosixFileAttributeView
Event: 2703.103 Loading class java/nio/file/attribute/PosixFileAttributeView done
Event: 2704.538 Loading class java/nio/file/DirectoryIteratorException
Event: 2704.548 Loading class java/nio/file/DirectoryIteratorException done
Event: 2710.574 Loading class java/nio/file/FileTreeIterator
Event: 2710.592 Loading class java/nio/file/FileTreeIterator done
Event: 2711.809 Loading class java/util/stream/DistinctOps
Event: 2711.827 Loading class java/util/stream/DistinctOps done
Event: 2711.827 Loading class java/util/stream/DistinctOps$1
Event: 2711.850 Loading class java/util/stream/DistinctOps$1 done
Event: 2711.877 Loading class java/util/stream/DistinctOps$1$2
Event: 2711.893 Loading class java/util/stream/DistinctOps$1$2 done
Event: 2711.994 Loading class java/nio/file/Files$2
Event: 2711.996 Loading class java/nio/file/Files$2 done

Classes unloaded (7 events):
Event: 34.153 Thread 0x000001439627ee70 Unloading class 0x00000143981a5000 'java/lang/invoke/LambdaForm$MH+0x00000143981a5000'
Event: 34.153 Thread 0x000001439627ee70 Unloading class 0x00000143981a4c00 'java/lang/invoke/LambdaForm$MH+0x00000143981a4c00'
Event: 34.153 Thread 0x000001439627ee70 Unloading class 0x00000143981a4800 'java/lang/invoke/LambdaForm$MH+0x00000143981a4800'
Event: 34.153 Thread 0x000001439627ee70 Unloading class 0x00000143981a4400 'java/lang/invoke/LambdaForm$MH+0x00000143981a4400'
Event: 34.153 Thread 0x000001439627ee70 Unloading class 0x00000143981a4000 'java/lang/invoke/LambdaForm$BMH+0x00000143981a4000'
Event: 34.153 Thread 0x000001439627ee70 Unloading class 0x00000143981a3c00 'java/lang/invoke/LambdaForm$DMH+0x00000143981a3c00'
Event: 34.153 Thread 0x000001439627ee70 Unloading class 0x00000143981a2800 'java/lang/invoke/LambdaForm$DMH+0x00000143981a2800'

Classes redefined (0 events):
No events

Internal exceptions (20 events):
Event: 99.376 Thread 0x00000143e163ffc0 Implicit null exception at 0x000001438b07b7a1 to 0x000001438b07bab4
Event: 99.377 Thread 0x00000143e163ffc0 Implicit null exception at 0x000001438b1f43f2 to 0x000001438b1f4800
Event: 101.397 Thread 0x00000143e163ffc0 Exception <a 'java/lang/NoSuchMethodError'{0x00000000d5a4def8}: 'int java.lang.invoke.DirectMethodHandle$Holder.invokeSpecialIFC(java.lang.Object, java.lang.Object, java.lang.Object)'> (0x00000000d5a4def8) 
thrown [s\src\hotspot\share\interpreter\linkResolver.cpp, line 773]
Event: 101.481 Thread 0x00000143e1644e80 Implicit null exception at 0x000001438b1c0e54 to 0x000001438b1c1514
Event: 103.098 Thread 0x00000143e163ffc0 Exception <a 'java/io/FileNotFoundException'{0x00000000d5b37670}> (0x00000000d5b37670) 
thrown [s\src\hotspot\share\prims\jni.cpp, line 520]
Event: 103.099 Thread 0x00000143e163ffc0 Exception <a 'java/io/FileNotFoundException'{0x00000000d5b387a0}> (0x00000000d5b387a0) 
thrown [s\src\hotspot\share\prims\jni.cpp, line 520]
Event: 103.099 Thread 0x00000143e163ffc0 Exception <a 'java/io/FileNotFoundException'{0x00000000d5b39970}> (0x00000000d5b39970) 
thrown [s\src\hotspot\share\prims\jni.cpp, line 520]
Event: 103.974 Thread 0x00000143e042af10 Exception <a 'sun/nio/fs/WindowsException'{0x00000000d6533520}> (0x00000000d6533520) 
thrown [s\src\hotspot\share\prims\jni.cpp, line 520]
Event: 103.974 Thread 0x00000143e042af10 Exception <a 'sun/nio/fs/WindowsException'{0x00000000d6533c38}> (0x00000000d6533c38) 
thrown [s\src\hotspot\share\prims\jni.cpp, line 520]
Event: 103.976 Thread 0x00000143e042af10 Exception <a 'sun/nio/fs/WindowsException'{0x00000000d6534990}> (0x00000000d6534990) 
thrown [s\src\hotspot\share\prims\jni.cpp, line 520]
Event: 103.976 Thread 0x00000143e042af10 Exception <a 'sun/nio/fs/WindowsException'{0x00000000d65350a8}> (0x00000000d65350a8) 
thrown [s\src\hotspot\share\prims\jni.cpp, line 520]
Event: 103.984 Thread 0x00000143e042af10 Exception <a 'sun/nio/fs/WindowsException'{0x00000000d6537528}> (0x00000000d6537528) 
thrown [s\src\hotspot\share\prims\jni.cpp, line 520]
Event: 103.984 Thread 0x00000143e042af10 Exception <a 'sun/nio/fs/WindowsException'{0x00000000d6537c40}> (0x00000000d6537c40) 
thrown [s\src\hotspot\share\prims\jni.cpp, line 520]
Event: 104.018 Thread 0x00000143e042af10 Exception <a 'sun/nio/fs/WindowsException'{0x00000000d65e1c10}> (0x00000000d65e1c10) 
thrown [s\src\hotspot\share\prims\jni.cpp, line 520]
Event: 104.018 Thread 0x00000143e042af10 Exception <a 'sun/nio/fs/WindowsException'{0x00000000d65e2328}> (0x00000000d65e2328) 
thrown [s\src\hotspot\share\prims\jni.cpp, line 520]
Event: 104.119 Thread 0x00000143e163ffc0 Implicit null exception at 0x000001438b1d4ccb to 0x000001438b1d4e20
Event: 106.257 Thread 0x00000143e163ffc0 Exception <a 'java/lang/NoSuchMethodError'{0x00000000d563a858}: 'java.lang.Object java.lang.invoke.DirectMethodHandle$Holder.invokeStatic(java.lang.Object, java.lang.Object, int, java.lang.Object)'> (0x00000000d563a858) 
thrown [s\src\hotspot\share\interpreter\linkResolver.cpp, line 773]
Event: 106.261 Thread 0x00000143e163ffc0 Exception <a 'java/lang/NoSuchMethodError'{0x00000000d5641478}: 'java.lang.Object java.lang.invoke.DirectMethodHandle$Holder.newInvokeSpecial(java.lang.Object, java.lang.Object, int)'> (0x00000000d5641478) 
thrown [s\src\hotspot\share\interpreter\linkResolver.cpp, line 773]
Event: 108.160 Thread 0x00000143e163ffc0 Exception <a 'java/lang/NoSuchMethodError'{0x00000000d65d7560}: 'java.lang.Object java.lang.invoke.DirectMethodHandle$Holder.invokeStatic(java.lang.Object, java.lang.Object, int, java.lang.Object, java.lang.Object)'> (0x00000000d65d7560) 
thrown [s\src\hotspot\share\interpreter\linkResolver.cpp, line 773]
Event: 2698.149 Thread 0x00000143e1641a00 Exception <a 'java/lang/IncompatibleClassChangeError'{0x00000000d609a8a0}: Found class java.lang.Object, but interface was expected> (0x00000000d609a8a0) 
thrown [s\src\hotspot\share\interpreter\linkResolver.cpp, line 840]

ZGC Phase Switch (0 events):
No events

VM Operations (20 events):
Event: 16417.193 Executing non-safepoint VM operation: RendezvousGCThreads
Event: 16417.193 Executing non-safepoint VM operation: RendezvousGCThreads done
Event: 16477.263 Executing non-safepoint VM operation: HandshakeAllThreads (HandshakeForDeflation)
Event: 16477.263 Executing non-safepoint VM operation: HandshakeAllThreads (HandshakeForDeflation) done
Event: 16477.263 Executing non-safepoint VM operation: RendezvousGCThreads
Event: 16477.263 Executing non-safepoint VM operation: RendezvousGCThreads done
Event: 16537.512 Executing non-safepoint VM operation: HandshakeAllThreads (HandshakeForDeflation)
Event: 16537.512 Executing non-safepoint VM operation: HandshakeAllThreads (HandshakeForDeflation) done
Event: 16537.512 Executing non-safepoint VM operation: RendezvousGCThreads
Event: 16537.512 Executing non-safepoint VM operation: RendezvousGCThreads done
Event: 16550.586 Executing safepoint VM operation: Cleanup
Event: 16550.593 Executing safepoint VM operation: Cleanup done
Event: 16597.713 Executing non-safepoint VM operation: HandshakeAllThreads (HandshakeForDeflation)
Event: 16597.713 Executing non-safepoint VM operation: HandshakeAllThreads (HandshakeForDeflation) done
Event: 16597.713 Executing non-safepoint VM operation: RendezvousGCThreads
Event: 16597.713 Executing non-safepoint VM operation: RendezvousGCThreads done
Event: 17316.237 Executing safepoint VM operation: Cleanup
Event: 17316.320 Executing safepoint VM operation: Cleanup done
Event: 17317.325 Executing safepoint VM operation: Cleanup
Event: 17317.341 Executing safepoint VM operation: Cleanup done

Memory protections (0 events):
No events

Nmethod flushes (20 events):
Event: 79.964 Thread 0x000001439627ee70 flushing  nmethod 0x0000014383ba0590
Event: 79.964 Thread 0x000001439627ee70 flushing  nmethod 0x0000014383ba6a90
Event: 79.964 Thread 0x000001439627ee70 flushing  nmethod 0x0000014383bac090
Event: 79.964 Thread 0x000001439627ee70 flushing  nmethod 0x0000014383bae890
Event: 79.964 Thread 0x000001439627ee70 flushing  nmethod 0x0000014383bdde10
Event: 79.964 Thread 0x000001439627ee70 flushing  nmethod 0x0000014383bdf990
Event: 79.964 Thread 0x000001439627ee70 flushing  nmethod 0x0000014383be6290
Event: 79.964 Thread 0x000001439627ee70 flushing  nmethod 0x0000014383beed10
Event: 79.964 Thread 0x000001439627ee70 flushing osr nmethod 0x0000014383bf4310
Event: 79.964 Thread 0x000001439627ee70 flushing  nmethod 0x0000014383bfc210
Event: 79.964 Thread 0x000001439627ee70 flushing  nmethod 0x0000014383bff710
Event: 79.964 Thread 0x000001439627ee70 flushing  nmethod 0x0000014383c46c10
Event: 79.964 Thread 0x000001439627ee70 flushing  nmethod 0x0000014383c4a590
Event: 79.964 Thread 0x000001439627ee70 flushing  nmethod 0x0000014383c4e090
Event: 79.964 Thread 0x000001439627ee70 flushing  nmethod 0x0000014383c50c10
Event: 79.964 Thread 0x000001439627ee70 flushing  nmethod 0x0000014383c51210
Event: 79.964 Thread 0x000001439627ee70 flushing  nmethod 0x0000014383c51910
Event: 79.964 Thread 0x000001439627ee70 flushing  nmethod 0x0000014383c52190
Event: 79.964 Thread 0x000001439627ee70 flushing  nmethod 0x0000014383c52c10
Event: 79.964 Thread 0x000001439627ee70 flushing  nmethod 0x0000014383c54e10

Events (20 events):
Event: 167.864 Thread 0x00000143e042bc30 Thread exited: 0x00000143e042bc30
Event: 167.947 Thread 0x00000143e042cfe0 Thread exited: 0x00000143e042cfe0
Event: 224.103 Thread 0x00000143e1640ce0 Thread exited: 0x00000143e1640ce0
Event: 284.119 Thread 0x00000143e16447f0 Thread exited: 0x00000143e16447f0
Event: 401.492 Thread 0x00000143e1644e80 Thread exited: 0x00000143e1644e80
Event: 701.524 Thread 0x00000143e1645510 Thread exited: 0x00000143e1645510
Event: 1001.541 Thread 0x00000143e1641a00 Thread exited: 0x00000143e1641a00
Event: 2687.874 Thread 0x00000143e1640650 Thread added: 0x00000143e1641a00
Event: 2695.991 Thread 0x00000143e1641a00 Thread added: 0x00000143e1644160
Event: 2696.031 Thread 0x00000143e1641a00 Thread added: 0x00000143e1640ce0
Event: 2704.366 Thread 0x0000014396291810 Thread added: 0x00000143e1fbb4f0
Event: 2704.617 Thread 0x00000143e1fbb4f0 Thread exited: 0x00000143e1fbb4f0
Event: 2707.581 Thread 0x00000143962adf90 Thread added: 0x00000143e1fbb4f0
Event: 2709.122 Thread 0x00000143e1fbb4f0 Thread exited: 0x00000143e1fbb4f0
Event: 2710.562 Thread 0x00000143962adf90 Thread added: 0x00000143e1fbb4f0
Event: 2718.953 Thread 0x00000143e1fbb4f0 Thread exited: 0x00000143e1fbb4f0
Event: 2773.821 Thread 0x00000143e1641a00 Thread exited: 0x00000143e1641a00
Event: 2833.673 Thread 0x00000143e1640ce0 Thread exited: 0x00000143e1640ce0
Event: 2998.554 Thread 0x00000143e1644160 Thread exited: 0x00000143e1644160
Event: 17314.655 Thread 0x00000143e1640650 Thread added: 0x00000143e1640ce0


Dynamic libraries:
0x00007ff7c4310000 - 0x00007ff7c431e000 	c:\Users\nadège.djossou\.vscode\extensions\redhat.java-1.55.0-win32-x64\jre\21.0.11-win32-x86_64\bin\java.exe
0x00007ffdf6740000 - 0x00007ffdf69a7000 	C:\windows\SYSTEM32\ntdll.dll
0x00007ffdf5400000 - 0x00007ffdf54c9000 	C:\windows\System32\KERNEL32.DLL
0x00007ffdf40b0000 - 0x00007ffdf44a1000 	C:\windows\System32\KERNELBASE.dll
0x00007ffdf3cc0000 - 0x00007ffdf3e0b000 	C:\windows\System32\ucrtbase.dll
0x00007ffdda3e0000 - 0x00007ffdda3fe000 	c:\Users\nadège.djossou\.vscode\extensions\redhat.java-1.55.0-win32-x64\jre\21.0.11-win32-x86_64\bin\VCRUNTIME140.dll
0x00007ffdd8100000 - 0x00007ffdd8118000 	c:\Users\nadège.djossou\.vscode\extensions\redhat.java-1.55.0-win32-x64\jre\21.0.11-win32-x86_64\bin\jli.dll
0x00007ffdf4880000 - 0x00007ffdf4a45000 	C:\windows\System32\USER32.dll
0x00007ffdf44b0000 - 0x00007ffdf44d7000 	C:\windows\System32\win32u.dll
0x00007ffdc89b0000 - 0x00007ffdc8c43000 	C:\windows\WinSxS\amd64_microsoft.windows.common-controls_6595b64144ccf1df_6.0.26100.8037_none_3e092faae333b53b\COMCTL32.dll
0x00007ffdf5590000 - 0x00007ffdf5639000 	C:\windows\System32\msvcrt.dll
0x00007ffdf4ad0000 - 0x00007ffdf4afb000 	C:\windows\System32\GDI32.dll
0x00007ffdf3f80000 - 0x00007ffdf40ab000 	C:\windows\System32\gdi32full.dll
0x00007ffdf33a0000 - 0x00007ffdf3443000 	C:\windows\System32\msvcp_win.dll
0x00007ffdf5d10000 - 0x00007ffdf5d41000 	C:\windows\System32\IMM32.DLL
0x00007ffde3960000 - 0x00007ffde396c000 	c:\Users\nadège.djossou\.vscode\extensions\redhat.java-1.55.0-win32-x64\jre\21.0.11-win32-x86_64\bin\vcruntime140_1.dll
0x00007ffdcdf00000 - 0x00007ffdcdf8d000 	c:\Users\nadège.djossou\.vscode\extensions\redhat.java-1.55.0-win32-x64\jre\21.0.11-win32-x86_64\bin\msvcp140.dll
0x00007ffd21eb0000 - 0x00007ffd22c52000 	c:\Users\nadège.djossou\.vscode\extensions\redhat.java-1.55.0-win32-x64\jre\21.0.11-win32-x86_64\bin\server\jvm.dll
0x00007ffdf54d0000 - 0x00007ffdf558b000 	C:\windows\System32\ADVAPI32.dll
0x00007ffdf4b60000 - 0x00007ffdf4c07000 	C:\windows\System32\sechost.dll
0x00007ffdf59e0000 - 0x00007ffdf5af8000 	C:\windows\System32\RPCRT4.dll
0x00007ffdf4800000 - 0x00007ffdf4874000 	C:\windows\System32\WS2_32.dll
0x00007ffdf2e80000 - 0x00007ffdf2ede000 	C:\windows\SYSTEM32\POWRPROF.dll
0x00007ffdc8780000 - 0x00007ffdc87b5000 	C:\windows\SYSTEM32\WINMM.dll
0x00007ffde1b40000 - 0x00007ffde1b4b000 	C:\windows\SYSTEM32\VERSION.dll
0x00007ffdf2e60000 - 0x00007ffdf2e74000 	C:\windows\SYSTEM32\UMPDC.dll
0x00007ffdf1db0000 - 0x00007ffdf1dcb000 	C:\windows\SYSTEM32\kernel.appcore.dll
0x00007ffde38f0000 - 0x00007ffde38fa000 	c:\Users\nadège.djossou\.vscode\extensions\redhat.java-1.55.0-win32-x64\jre\21.0.11-win32-x86_64\bin\jimage.dll
0x00007ffdde2a0000 - 0x00007ffdde4e2000 	C:\windows\SYSTEM32\DBGHELP.DLL
0x00007ffdf5650000 - 0x00007ffdf59d2000 	C:\windows\System32\combase.dll
0x00007ffdf5260000 - 0x00007ffdf5337000 	C:\windows\System32\OLEAUT32.dll
0x00007ffdddf70000 - 0x00007ffdddfab000 	C:\windows\SYSTEM32\dbgcore.DLL
0x00007ffdf3020000 - 0x00007ffdf30c5000 	C:\windows\System32\bcryptPrimitives.dll
0x00007ffddce10000 - 0x00007ffddce1f000 	c:\Users\nadège.djossou\.vscode\extensions\redhat.java-1.55.0-win32-x64\jre\21.0.11-win32-x86_64\bin\instrument.dll
0x00007ffdd7d90000 - 0x00007ffdd7db0000 	c:\Users\nadège.djossou\.vscode\extensions\redhat.java-1.55.0-win32-x64\jre\21.0.11-win32-x86_64\bin\java.dll
0x00007ffdf5d60000 - 0x00007ffdf64bf000 	C:\windows\System32\SHELL32.dll
0x00007ffdf3e10000 - 0x00007ffdf3f7a000 	C:\windows\System32\wintypes.dll
0x00007ffdf3450000 - 0x00007ffdf3cb4000 	C:\windows\System32\windows.storage.dll
0x00007ffdf5c10000 - 0x00007ffdf5d07000 	C:\windows\System32\SHCORE.dll
0x00007ffdf44e0000 - 0x00007ffdf4547000 	C:\windows\System32\shlwapi.dll
0x00007ffdf2f40000 - 0x00007ffdf2f69000 	C:\windows\SYSTEM32\profapi.dll
0x00007ffdd6600000 - 0x00007ffdd6618000 	c:\Users\nadège.djossou\.vscode\extensions\redhat.java-1.55.0-win32-x64\jre\21.0.11-win32-x86_64\bin\zip.dll
0x00007ffddb770000 - 0x00007ffddb780000 	C:\Users\nadège.djossou\.vscode\extensions\redhat.java-1.55.0-win32-x64\jre\21.0.11-win32-x86_64\bin\net.dll
0x00007ffde5840000 - 0x00007ffde5967000 	C:\windows\SYSTEM32\WINHTTP.dll
0x00007ffdf2320000 - 0x00007ffdf238b000 	C:\windows\system32\mswsock.dll
0x00007ffdd6460000 - 0x00007ffdd6476000 	C:\Users\nadège.djossou\.vscode\extensions\redhat.java-1.55.0-win32-x64\jre\21.0.11-win32-x86_64\bin\nio.dll
0x00007ffdd92b0000 - 0x00007ffdd92c0000 	c:\Users\nadège.djossou\.vscode\extensions\redhat.java-1.55.0-win32-x64\jre\21.0.11-win32-x86_64\bin\verify.dll
0x00007ffdb5db0000 - 0x00007ffdb5df5000 	C:\Users\nadège.djossou\AppData\Roaming\Code\User\globalStorage\redhat.java\1.55.0\config_win\org.eclipse.equinox.launcher\org.eclipse.equinox.launcher.win32.win32.x86_64_1.3.100.v20260613-0559\eclipse_11924.dll
0x00007ffdf4c10000 - 0x00007ffdf4da5000 	C:\windows\System32\ole32.dll
0x00007ffdf2600000 - 0x00007ffdf261b000 	C:\windows\SYSTEM32\CRYPTSP.dll
0x00007ffdf1d10000 - 0x00007ffdf1d49000 	C:\windows\system32\rsaenh.dll
0x00007ffdf23d0000 - 0x00007ffdf2402000 	C:\windows\SYSTEM32\USERENV.dll
0x00007ffdf2f10000 - 0x00007ffdf2f3a000 	C:\windows\SYSTEM32\bcrypt.dll
0x00007ffdf2620000 - 0x00007ffdf262c000 	C:\windows\SYSTEM32\CRYPTBASE.dll
0x00007ffdf1540000 - 0x00007ffdf1573000 	C:\windows\SYSTEM32\IPHLPAPI.DLL
0x00007ffdf5640000 - 0x00007ffdf564a000 	C:\windows\System32\NSI.dll
0x00007ffdd6810000 - 0x00007ffdd6859000 	C:\Users\nadège.djossou\AppData\Local\Temp\jna-901651606\jna1631562574729514830.dll
0x00007ffdf4550000 - 0x00007ffdf4558000 	C:\windows\System32\PSAPI.DLL
0x00007ffde9ca0000 - 0x00007ffde9cbd000 	C:\windows\SYSTEM32\dhcpcsvc6.DLL
0x00007ffde9c70000 - 0x00007ffde9c93000 	C:\windows\SYSTEM32\dhcpcsvc.DLL
0x00007ffdda360000 - 0x00007ffdda36e000 	C:\Users\nadège.djossou\.vscode\extensions\redhat.java-1.55.0-win32-x64\jre\21.0.11-win32-x86_64\bin\sunmscapi.dll
0x00007ffdf30d0000 - 0x00007ffdf3247000 	C:\windows\System32\CRYPT32.dll
0x00007ffdf2820000 - 0x00007ffdf2850000 	C:\windows\SYSTEM32\ncrypt.dll
0x00007ffdf27d0000 - 0x00007ffdf280f000 	C:\windows\SYSTEM32\NTASN1.dll
0x00007ffdf1580000 - 0x00007ffdf16aa000 	C:\windows\SYSTEM32\DNSAPI.dll
0x00007ffde1310000 - 0x00007ffde131b000 	C:\Windows\System32\rasadhlp.dll
0x00007ffdeb6e0000 - 0x00007ffdeb766000 	C:\windows\System32\fwpuclnt.dll
0x00007ffdf0720000 - 0x00007ffdf0729000 	C:\Users\nadège.djossou\.vscode\extensions\redhat.java-1.55.0-win32-x64\jre\21.0.11-win32-x86_64\bin\extnet.dll

JVMTI agents:
c:\Users\nadège.djossou\.vscode\extensions\redhat.java-1.55.0-win32-x64\lombok\lombok-1.18.39-4050.jar path:c:\Users\nadège.djossou\.vscode\extensions\redhat.java-1.55.0-win32-x64\jre\21.0.11-win32-x86_64\bin\instrument.dll, loaded, initialized, instrumentlib options:none

dbghelp: loaded successfully - version: 4.0.5 - missing functions: none
symbol engine: initialized successfully - sym options: 0x614 - pdb path: .;c:\Users\nadège.djossou\.vscode\extensions\redhat.java-1.55.0-win32-x64\jre\21.0.11-win32-x86_64\bin;C:\windows\SYSTEM32;C:\windows\WinSxS\amd64_microsoft.windows.common-controls_6595b64144ccf1df_6.0.26100.8037_none_3e092faae333b53b;c:\Users\nadège.djossou\.vscode\extensions\redhat.java-1.55.0-win32-x64\jre\21.0.11-win32-x86_64\bin\server;C:\Users\nadège.djossou\AppData\Roaming\Code\User\globalStorage\redhat.java\1.55.0\config_win\org.eclipse.equinox.launcher\org.eclipse.equinox.launcher.win32.win32.x86_64_1.3.100.v20260613-0559;C:\Users\nadège.djossou\AppData\Local\Temp\jna-901651606

VM Arguments:
jvm_args: --add-modules=ALL-SYSTEM --add-opens=java.base/java.util=ALL-UNNAMED --add-opens=java.base/java.lang=ALL-UNNAMED --add-opens=java.base/sun.nio.fs=ALL-UNNAMED -Declipse.application=org.eclipse.jdt.ls.core.id1 -Dosgi.bundles.defaultStartLevel=4 -Declipse.product=org.eclipse.jdt.ls.core.product -Djava.import.generatesMetadataFilesAtProjectRoot=false -DDetectVMInstallationsJob.disabled=true -Dfile.encoding=utf8 -XX:+UseParallelGC -XX:GCTimeRatio=4 -XX:AdaptiveSizePolicyWeight=90 -Dsun.zip.disableMemoryMapping=true -Xmx2G -Xms100m -Xlog:disable -javaagent:c:\Users\nadège.djossou\.vscode\extensions\redhat.java-1.55.0-win32-x64\lombok\lombok-1.18.39-4050.jar -XX:+HeapDumpOnOutOfMemoryError -XX:HeapDumpPath=c:\Users\nadège.djossou\AppData\Roaming\Code\User\workspaceStorage\acaa8e5009868f3f1b5fba6b10f190c8\redhat.java -Daether.dependencyCollector.impl=bf 
java_command: c:\Users\nadège.djossou\.vscode\extensions\redhat.java-1.55.0-win32-x64\server\plugins\org.eclipse.equinox.launcher_1.7.200.v20260619-2039.jar -configuration c:\Users\nadège.djossou\AppData\Roaming\Code\User\globalStorage\redhat.java\1.55.0\config_win -data c:\Users\nadège.djossou\AppData\Roaming\Code\User\workspaceStorage\acaa8e5009868f3f1b5fba6b10f190c8\redhat.java\jdt_ws --pipe=\\.\pipe\lsp-ba642a0bc7b9d8feb0edcfa15e55b620-sock
java_class_path (initial): c:\Users\nadège.djossou\.vscode\extensions\redhat.java-1.55.0-win32-x64\server\plugins\org.eclipse.equinox.launcher_1.7.200.v20260619-2039.jar
Launcher Type: SUN_STANDARD

[Global flags]
    uintx AdaptiveSizePolicyWeight                 = 90                                        {product} {command line}
     intx CICompilerCount                          = 3                                         {product} {ergonomic}
    uintx GCTimeRatio                              = 4                                         {product} {command line}
     bool HeapDumpOnOutOfMemoryError               = true                                   {manageable} {command line}
    ccstr HeapDumpPath                             = c:\Users\nadège.djossou\AppData\Roaming\Code\User\workspaceStorage\acaa8e5009868f3f1b5fba6b10f190c8\redhat.java         {manageable} {command line}
   size_t InitialHeapSize                          = 104857600                                 {product} {command line}
   size_t MaxHeapSize                              = 2147483648                                {product} {command line}
   size_t MaxNewSize                               = 715653120                                 {product} {ergonomic}
   size_t MinHeapDeltaBytes                        = 524288                                    {product} {ergonomic}
   size_t MinHeapSize                              = 104857600                                 {product} {command line}
   size_t NewSize                                  = 34603008                                  {product} {ergonomic}
    uintx NonNMethodCodeHeapSize                   = 5832780                                {pd product} {ergonomic}
    uintx NonProfiledCodeHeapSize                  = 122912730                              {pd product} {ergonomic}
   size_t OldSize                                  = 70254592                                  {product} {ergonomic}
    uintx ProfiledCodeHeapSize                     = 122912730                              {pd product} {ergonomic}
    uintx ReservedCodeCacheSize                    = 251658240                              {pd product} {ergonomic}
     bool SegmentedCodeCache                       = true                                      {product} {ergonomic}
   size_t SoftMaxHeapSize                          = 2147483648                             {manageable} {ergonomic}
     bool UseCompressedOops                        = true                           {product lp64_product} {ergonomic}
     bool UseLargePagesIndividualAllocation        = false                                  {pd product} {ergonomic}
     bool UseParallelGC                            = true                                      {product} {command line}

Logging:
Log output configuration:
 #0: stdout all=off uptime,level,tags foldmultilines=false
 #1: stderr all=off uptime,level,tags foldmultilines=false

Release file:
JAVA_VERSION="21.0.11" 
MODULES="java.base java.compiler java.datatransfer java.xml java.prefs java.desktop java.instrument java.logging java.management java.security.sasl java.naming java.rmi java.management.rmi java.net.http java.scripting java.security.jgss java.transaction.xa java.sql java.sql.rowset java.xml.crypto java.se java.smartcardio jdk.accessibility jdk.internal.jvmstat jdk.attach jdk.charsets jdk.internal.opt jdk.zipfs jdk.compiler jdk.crypto.ec jdk.crypto.cryptoki jdk.crypto.mscapi jdk.dynalink jdk.internal.ed jdk.editpad jdk.hotspot.agent jdk.httpserver jdk.internal.le jdk.internal.vm.ci jdk.internal.vm.compiler jdk.internal.vm.compiler.management jdk.jartool jdk.javadoc jdk.jcmd jdk.management jdk.management.agent jdk.jconsole jdk.jdeps jdk.jdwp.agent jdk.jdi jdk.jfr jdk.jshell jdk.jsobject jdk.jstatd jdk.localedata jdk.management.jfr jdk.naming.dns jdk.naming.rmi jdk.net jdk.nio.mapmode jdk.random jdk.sctp jdk.security.auth jdk.security.jgss jdk.unsupported jdk.unsupported.desktop jdk.xml.dom" 

Environment Variables:
JAVA_HOME=C:\Program Files\Eclipse Adoptium\jdk-25.0.2.10-hotspot\
PATH=C:\Program Files\Eclipse Adoptium\jdk-25.0.2.10-hotspot\bin;C:\windows\system32;C:\windows;C:\windows\System32\Wbem;C:\windows\System32\WindowsPowerShell\v1.0\;C:\windows\System32\OpenSSH\;C:\Program Files\Microsoft VS Code\bin;C:\Users\nadège.djossou\AppData\Local\Microsoft\WindowsApps;C:\Users\nadège.djossou\AppData\Local\Programs\Git\cmd;C:\_programmes\node-v22.18.0-win-x64;C:\laragon\bin\php\php-8.5.3-nts-Win32-vs17-x64;C:\Users\nadège.djossou\composer;C:\Users\nadège.djossou\AppData\Roaming\Composer\vendor\bin;C:\_programmes\mogo\bin;C:\_programmes\apache-maven-3.9.14-bin\apache-maven-3.9.14\bin;C:\Users\nadège.djossou\AppData\Local\Programs\Microsoft VS Code\bin;C:\Users\nadège.djossou\AppData\Local\Programs\cursor\resources\app\bin;C:\Users\nadège.djossou\AppData\Local\Python\bin;C:\Users\nadège.djossou\AppData\Local\Programs\Windsurf\bin;C:\Users\nadège.djossou\AppData\Local\Kiro-Cli\;C:\Users\nadège.djossou\AppData\Local\Programs\Antigravity IDE\bin;C:\Users\nadège.djossou\AppData\Local\Programs\Kiro\bin;
USERNAME=nadège.djossou
OS=Windows_NT
PROCESSOR_IDENTIFIER=Intel64 Family 6 Model 92 Stepping 9, GenuineIntel
TMP=C:\Users\NADGE~1.DJO\AppData\Local\Temp
TEMP=C:\Users\NADGE~1.DJO\AppData\Local\Temp




Periodic native trim disabled

---------------  S Y S T E M  ---------------

OS:
 Windows 11 , 64 bit Build 26100 (10.0.26100.7920)
OS uptime: 0 days 5:43 hours

CPU: total 4 (initial active 4) (4 cores per cpu, 1 threads per core) family 6 model 92 stepping 9 microcode 0x32, cx8, cmov, fxsr, mmx, 3dnowpref, sse, sse2, sse3, ssse3, sse4.1, sse4.2, popcnt, tsc, tscinvbit, aes, erms, clmul, sha, clflush, clflushopt, rdtscp
Processor Information for the first 4 processors :
  Max Mhz: 1501, Current Mhz: 1501, Mhz Limit: 1501

Memory: 4k page, system-wide physical 8040M (1218M free)
TotalPageFile size 22129M (AvailPageFile size 229M)
current process WorkingSet (physical memory assigned to process): 31M, peak: 415M
current process commit charge ("private bytes"): 469M, peak: 474M

vm_info: OpenJDK 64-Bit Server VM (21.0.11+10-LTS) for windows-amd64 JRE (21.0.11+10-LTS), built on 2026-04-21T00:00:00Z by "admin" with MS VC++ 17.12 (VS2022)

END.
